feature,importance,rank,selected
pokes_sob_mean_m36_g,0.0123780975,1,1
pokes_sob_mean_m36_p,0.009517121,2,1
winrate_m36_g,0.009355719,3,1
winrate_m24_g,0.008457068,4,1
pokes_sob_mean_m18_p,0.0084004775,5,1
pokes_sob_mean_m12_p,0.008085609,6,1
winrate_m18_g,0.008007011,7,1
pokes_sob_mean_m9_p,0.00685855,8,1
wr_rep_1_m24_g,0.0068378057,9,1
pokes_sob_mean_m15_p,0.006029361,10,1
wr_tier_RANDOM SINGLES_m18_g,0.005999642,11,1
pokes_venc_sum_m12_g,0.0057473294,12,1
pokes_sob_mean_m24_p,0.0056834193,13,1
fmt_singles_mean_m24_g,0.004940037,14,1
wr_rep_1_m18_p,0.004784132,15,1
liga_pjs_mean_m15_p,0.0045782374,16,0
liga_pms_sum_m7_p,0.0044011883,17,0
fmt_dobles_mean_m3_g,0.0043861605,18,0
rep_actual_mean_m24_g,0.004228465,19,0
fase_elim_mean_m9_p,0.0041968036,20,0
cat_liga_mean_m9_g,0.0041939444,21,0
wr_tier_RANDOM SINGLES_m36_g,0.004190594,22,0
cat_liga_mean_m9_p,0.0041817995,23,0
wr_tier_OU_m3_p,0.004118445,24,0
winrate_m15_g,0.0040938365,25,0
fase_grupos_mean_m36_p,0.0040789093,26,0
liga_pss_mean_m3_p,0.0040404773,27,0
liga_pjs_sum_m3_p,0.0039456263,28,0
fase_rondas_sum_m18_g,0.0037438385,29,0
nb_ratio_m1_vs_m36_g,0.0037141198,30,0
nb_diff_m1_vs_m3_p,0.0036372417,31,0
rep_actual_mean_m7_g,0.0036292684,32,0
liga_pjs_mean_m24_p,0.0036076317,33,0
fase_rondas_mean_m3_p,0.0034334376,34,0
rep_actual_sum_m36_p,0.0034155247,35,0
wr_tier_DOU_m18_g,0.0034041975,36,0
liga_pss_sum_m18_p,0.0034039023,37,0
fase_grupos_mean_m7_p,0.0033374634,38,0
liga_pjs_mean_m24_g,0.0033109137,39,0
cat_torneo_sum_m18_g,0.0033107023,40,0
pokes_venc_mean_m15_p,0.0032914649,41,0
fmt_dobles_mean_m36_g,0.0032874064,42,0
wr_rep_1_m15_g,0.003274936,43,0
rep_actual_mean_m24_p,0.003268309,44,0
cat_torneo_mean_m9_p,0.0032442976,45,0
wr_tier_OU_m24_p,0.003170524,46,0
liga_pjs_sum_m24_p,0.003168343,47,0
fmt_dobles_sum_m1_g,0.003134518,48,0
winrate_m3_p,0.0031330113,49,0
cat_ascenso_mean_m15_g,0.0031213188,50,0
cat_ascenso_sum_m12_g,0.0030595278,51,0
liga_pjs_mean_m18_g,0.003057269,52,0
fmt_singles_sum_m12_p,0.003001052,53,0
pokes_sob_mean_m24_g,0.002986422,54,0
liga_pss_mean_m7_p,0.002931627,55,0
liga_pls_sum_m12_p,0.0029159961,56,0
nb_diff_m12_vs_m24_p,0.0029056508,57,0
liga_pjs_mean_m9_p,0.0028929806,58,0
pokes_sob_mean_m9_g,0.0028730992,59,0
cat_torneo_sum_m3_p,0.002870771,60,0
wr_tier_RANDOM SINGLES_m24_g,0.0028559647,61,0
cat_cypher_mean_m15_p,0.0028509505,62,0
wr_tier_DOU_m15_g,0.0028007692,63,0
rep_actual_mean_m7_p,0.0027988416,64,0
cat_liga_mean_m24_g,0.002788279,65,0
pokes_sob_mean_m7_g,0.0027854955,66,0
wr_rep_1_m36_g,0.0027747047,67,0
wr_tier_NAT DEX DOBLES_m9_g,0.002758444,68,0
wr_tier_VGC_m7_g,0.0027516151,69,0
cat_ascenso_mean_m3_g,0.002732608,70,0
pokes_venc_mean_m7_g,0.0027178081,71,0
wr_tier_DOU_m24_g,0.0026689144,72,0
liga_pss_mean_m24_g,0.0026662918,73,0
wr_tier_DOU_m5_p,0.0026643283,74,0
rep_actual_mean_m9_g,0.0026589124,75,0
pokes_venc_sum_m5_p,0.0026544945,76,0
wr_tier_NAT DEX_m12_g,0.0026434686,77,0
liga_pls_sum_m12_g,0.002632972,78,0
meses_activo_m36_p,0.0026294251,79,0
cat_liga_mean_m18_g,0.0026283842,80,0
liga_pjs_mean_m12_g,0.002626614,81,0
wr_tier_VGC_m36_p,0.0026200274,82,0
wr_tier_BABY RANDOM SINGLES_m3_p,0.0026182136,83,0
liga_pes_sum_m18_g,0.0026082685,84,0
pokes_venc_sum_m7_g,0.0026015106,85,0
wr_rep_3_m15_g,0.002575786,86,0
fase_grupos_mean_m3_p,0.0025416412,87,0
cat_liga_sum_m12_g,0.0025345064,88,0
wr_tier_STADIUM OU GEN 1_m5_p,0.0025324756,89,0
wr_tier_NAT DEX_m9_p,0.002529239,90,0
fmt_dobles_mean_m1_p,0.002508366,91,0
cat_torneo_mean_m36_g,0.002490034,92,0
wr_rep_2_m18_p,0.0024835884,93,0
cat_cypher_mean_m7_p,0.0024832983,94,0
fmt_dobles_sum_m18_p,0.0024801,95,0
cat_torneo_sum_m9_g,0.0024779735,96,0
wr_tier_NAT DEX_m7_p,0.0024775718,97,0
wr_rep_2_m36_g,0.002475316,98,0
wr_diff_m1_vs_m12_p,0.002467138,99,0
fase_elim_mean_m3_g,0.0024663925,100,0
fmt_dobles_mean_m9_p,0.0024641913,101,0
wr_rep_1_m36_p,0.0024559405,102,0
liga_pms_sum_m7_g,0.0024418347,103,0
pokes_venc_mean_m36_p,0.0024133069,104,0
rep_actual_mean_m15_g,0.0024109937,105,0
pokes_venc_mean_m9_g,0.0024015207,106,0
rep_actual_mean_m12_p,0.0023982332,107,0
cat_torneo_sum_m5_p,0.002393827,108,0
liga_pes_sum_m7_p,0.002383784,109,0
wr_tier_DOU_m18_p,0.0023820952,110,0
pokes_venc_mean_m18_g,0.00238095,111,0
pokes_venc_mean_m12_p,0.0023770137,112,0
liga_pms_mean_m9_p,0.0023657763,113,0
fmt_singles_sum_m3_p,0.002364537,114,0
nb_diff_m3_vs_m5_g,0.0023597283,115,0
fmt_vgc_sum_m15_p,0.0023537371,116,0
fmt_singles_mean_m9_g,0.0023502614,117,0
winrate_m12_p,0.0023460102,118,0
wr_rep_3_m1_g,0.0023388162,119,0
cat_torneo_sum_m15_g,0.0023057994,120,0
wr_rep_2_m18_g,0.0023041687,121,0
fmt_singles_mean_m3_g,0.0022967728,122,0
wr_tier_OU_m18_g,0.0022894149,123,0
wr_diff_m5_vs_m12_p,0.0022839438,124,0
pokes_sob_mean_m5_g,0.0022805627,125,0
fase_elim_mean_m1_g,0.0022565105,126,0
nb_ratio_m3_vs_m5_p,0.002238665,127,0
wr_tier_DOU_m5_g,0.0022380902,128,0
liga_pjs_mean_m15_g,0.0022356145,129,0
fase_rondas_mean_m5_g,0.002234513,130,0
fase_elim_mean_m5_g,0.0022209042,131,0
cat_liga_sum_m18_g,0.0022198136,132,0
fmt_singles_mean_m1_g,0.0022195631,133,0
fmt_vgc_sum_m18_g,0.0022166274,134,0
cat_liga_sum_m24_p,0.0022035656,135,0
wr_rep_1_m7_g,0.0022001723,136,0
fmt_singles_sum_m1_g,0.0021962104,137,0
cat_ascenso_mean_m9_g,0.002193175,138,0
fmt_dobles_mean_m7_g,0.0021913084,139,0
wr_diff_m24_vs_m36_p,0.0021880756,140,0
fase_grupos_mean_m12_g,0.0021867673,141,0
pokes_sob_sum_m5_p,0.0021864863,142,0
wr_tier_NAT DEX_m15_g,0.0021860015,143,0
wr_rep_1_m3_g,0.0021764573,144,0
fase_elim_sum_m5_p,0.0021713227,145,0
liga_pls_sum_m3_g,0.0021683176,146,0
wr_tier_DOU_m7_g,0.0021628581,147,0
fase_elim_mean_m15_p,0.0021523363,148,0
wr_rep_4_m7_g,0.0021451637,149,0
wr_rep_3_m5_g,0.0021381092,150,0
fase_rondas_sum_m12_g,0.0021357192,151,0
wr_diff_m1_vs_m36_g,0.002134546,152,0
liga_pls_mean_m15_p,0.002133632,153,0
nb_ratio_m1_vs_m12_p,0.0021298782,154,0
n_batallas_m1_p,0.0021232627,155,0
winrate_m5_p,0.0021218916,156,0
pokes_sob_mean_m12_g,0.0021190476,157,0
cat_torneo_mean_m7_g,0.0021176762,158,0
pokes_venc_mean_m12_g,0.0021172706,159,0
n_batallas_m36_p,0.0021161896,160,0
fmt_vgc_sum_m3_p,0.0021131344,161,0
wr_tier_OU_m5_p,0.0021012265,162,0
liga_pes_mean_m24_p,0.0021009569,163,0
wr_rep_2_m12_p,0.0020957955,164,0
wr_rep_1_m24_p,0.002083509,165,0
wr_tier_RANDOM SINGLES_m24_p,0.0020713464,166,0
fase_grupos_sum_m36_p,0.0020638094,167,0
liga_pss_mean_m36_p,0.002059653,168,0
fmt_vgc_mean_m5_g,0.0020529474,169,0
pokes_venc_sum_m5_g,0.002041045,170,0
liga_pjs_sum_m36_g,0.0020357734,171,0
wr_tier_RANDOM DOUBLES_m36_g,0.0020268806,172,0
wr_tier_DOU_m9_g,0.0020189083,173,0
rep_actual_mean_m36_p,0.0020148463,174,0
fmt_singles_mean_m7_p,0.0020105015,175,0
nb_ratio_m12_vs_m24_p,0.0020102803,176,0
wr_tier_DOBLES LC_m9_g,0.0019992443,177,0
wr_tier_OU_m12_p,0.0019942,178,0
liga_pjs_mean_m3_p,0.0019889507,179,0
liga_pjs_mean_m7_g,0.0019804542,180,0
fase_rondas_mean_m36_p,0.0019795494,181,0
liga_pes_sum_m9_p,0.0019656862,182,0
ma_ratio_m5_vs_m12_g,0.0019603295,183,0
cat_torneo_mean_m15_g,0.0019602762,184,0
cat_liga_mean_m36_p,0.0019523035,185,0
liga_pes_sum_m12_g,0.0019512227,186,0
wr_rep_1_m12_g,0.0019471105,187,0
fmt_dobles_sum_m15_p,0.00193426,188,0
wr_diff_m1_vs_m12_g,0.0019321454,189,0
wr_rep_2_m24_p,0.0019319634,190,0
wr_tier_VGC_m36_g,0.001924827,191,0
wr_tier_DOU_m3_g,0.0019247053,192,0
fmt_vgc_sum_m9_p,0.0019176735,193,0
fmt_vgc_sum_m5_g,0.001913985,194,0
liga_pss_sum_m9_g,0.0019097081,195,0
fase_elim_sum_m18_g,0.0019030579,196,0
fmt_dobles_mean_m3_p,0.0018985355,197,0
pokes_venc_mean_m3_g,0.0018921179,198,0
wr_tier_NAT DEX_m9_g,0.0018900676,199,0
wr_rep_2_m7_p,0.0018811846,200,0
wr_rep_1_m12_p,0.0018777415,201,0
pokes_venc_sum_m15_p,0.0018729812,202,0
rep_actual_mean_m36_g,0.0018652853,203,0
wr_ratio_m24_vs_m36_g,0.0018612592,204,0
fase_grupos_mean_m36_g,0.0018567094,205,0
ma_ratio_m3_vs_m5_g,0.0018565488,206,0
pokes_venc_sum_m12_p,0.0018497343,207,0
wr_tier_NAT DEX_m36_g,0.0018480418,208,0
wr_tier_LC_m36_p,0.0018425157,209,0
wr_ratio_m24_vs_m36_p,0.001840552,210,0
rep_actual_mean_m18_g,0.0018366579,211,0
n_batallas_m24_p,0.001829347,212,0
wr_rep_1_m15_p,0.0018227185,213,0
nb_ratio_m1_vs_m36_p,0.0018137116,214,0
fmt_dobles_mean_m12_p,0.0018022225,215,0
n_batallas_m5_g,0.0017995905,216,0
fmt_dobles_sum_m5_p,0.001797429,217,0
n_batallas_m12_p,0.0017969395,218,0
cat_torneo_sum_m15_p,0.0017854533,219,0
fmt_singles_mean_m3_p,0.0017818657,220,0
fase_rondas_mean_m9_g,0.0017792829,221,0
pokes_sob_sum_m24_p,0.0017697212,222,0
cat_liga_mean_m18_p,0.0017602327,223,0
wr_tier_RANDOM SINGLES_m18_p,0.0017540812,224,0
wr_tier_NAT DEX DOBLES_m3_p,0.0017403377,225,0
wr_tier_OU_m9_g,0.0017374895,226,0
liga_pjs_sum_m12_g,0.001734682,227,0
wr_tier_NAT DEX_m12_p,0.0017305977,228,0
fmt_dobles_mean_m18_p,0.0017243513,229,0
liga_pjs_sum_m5_g,0.00172241,230,0
rep_actual_sum_m5_g,0.0017136621,231,0
fmt_dobles_sum_m9_p,0.0017125375,232,0
fmt_singles_mean_m36_p,0.0017109101,233,0
meses_activo_m9_g,0.001710279,234,0
liga_pjs_mean_m36_p,0.0017067342,235,0
fmt_singles_mean_m1_p,0.001705476,236,0
liga_pjs_mean_m18_p,0.0017035732,237,0
wr_tier_NAT DEX_m3_p,0.0017005829,238,0
pokes_venc_mean_m18_p,0.0016944467,239,0
rep_actual_sum_m1_p,0.0016922312,240,0
wr_rep_2_m12_g,0.0016918393,241,0
cat_torneo_sum_m18_p,0.0016914239,242,0
wr_tier_RANDOM SINGLES_m9_p,0.0016906346,243,0
nb_ratio_m1_vs_m3_g,0.001689636,244,0
meses_activo_m7_g,0.0016835826,245,0
fase_rondas_mean_m5_p,0.0016782581,246,0
n_batallas_m7_g,0.0016779965,247,0
cat_torneo_mean_m3_g,0.0016768519,248,0
wr_diff_m1_vs_m3_p,0.0016761203,249,0
fase_elim_sum_m24_g,0.0016625586,250,0
fmt_singles_sum_m3_g,0.0016557684,251,0
liga_pjs_mean_m5_g,0.0016543138,252,0
fmt_dobles_mean_m5_p,0.0016513459,253,0
fmt_vgc_mean_m24_g,0.0016420089,254,0
liga_pjs_mean_m36_g,0.0016356943,255,0
winrate_m15_p,0.0016331814,256,0
fase_grupos_mean_m15_p,0.0016327442,257,0
rep_actual_mean_m5_g,0.0016326335,258,0
wr_rep_3_m18_g,0.0016299291,259,0
fase_elim_sum_m7_g,0.0016299005,260,0
fmt_vgc_sum_m36_p,0.0016270848,261,0
wr_rep_2_m15_g,0.0016229148,262,0
fmt_dobles_mean_m18_g,0.0016181257,263,0
wr_tier_NAT DEX_m24_p,0.0016171525,264,0
fmt_vgc_sum_m7_g,0.0016112432,265,0
fmt_dobles_mean_m24_g,0.0016109205,266,0
wr_tier_NAT DEX_m7_g,0.0016067605,267,0
wr_tier_BSS_m18_g,0.0016037744,268,0
fmt_singles_mean_m18_g,0.0016028507,269,0
fase_grupos_mean_m1_p,0.0015994408,270,0
wr_tier_NAT DEX_m3_g,0.0015992605,271,0
cat_ascenso_sum_m9_g,0.0015944677,272,0
fmt_dobles_sum_m3_p,0.0015810407,273,0
cat_ascenso_mean_m9_p,0.0015752747,274,0
cat_torneo_sum_m1_g,0.001571366,275,0
wr_tier_DOU_m7_p,0.0015681405,276,0
pokes_sob_mean_m15_g,0.001560277,277,0
cat_liga_mean_m36_g,0.0015583833,278,0
liga_pms_sum_m18_g,0.0015533582,279,0
wr_tier_NAT DEX DOBLES_m18_p,0.0015482749,280,0
wr_rep_4_m18_g,0.0015474444,281,0
wr_ratio_m5_vs_m12_g,0.0015470377,282,0
fmt_vgc_mean_m36_g,0.0015410621,283,0
wr_ratio_m12_vs_m24_p,0.0015394368,284,0
wr_rep_1_m3_p,0.001523955,285,0
wr_tier_VGC_m7_p,0.0015222959,286,0
fase_elim_mean_m3_p,0.0015104164,287,0
wr_tier_OU_m12_g,0.0015089117,288,0
fase_elim_sum_m36_g,0.0015054123,289,0
cat_liga_mean_m7_g,0.0015032651,290,0
rep_actual_mean_m1_p,0.0015029202,291,0
wr_ratio_m1_vs_m12_p,0.001493238,292,0
liga_pjs_sum_m18_g,0.001486689,293,0
wr_tier_DOBLES LC_m7_g,0.0014766479,294,0
nb_diff_m1_vs_m12_g,0.0014724131,295,0
wr_rep_1_m1_p,0.0014699807,296,0
wr_rep_3_m3_g,0.0014694347,297,0
fmt_vgc_mean_m3_g,0.0014631641,298,0
wr_ratio_m3_vs_m5_g,0.0014599941,299,0
wr_tier_NAT DEX_m18_g,0.00145924,300,0
nb_diff_m24_vs_m36_g,0.0014564634,301,0
fase_grupos_sum_m24_p,0.0014547432,302,0
wr_tier_RANDOM SINGLES_m12_g,0.0014511775,303,0
fase_rondas_sum_m1_g,0.0014496738,304,0
fase_elim_mean_m7_p,0.001447234,305,0
cat_liga_sum_m36_p,0.0014460796,306,0
cat_ascenso_mean_m5_g,0.0014447833,307,0
pokes_sob_mean_m3_p,0.001443289,308,0
ma_ratio_m12_vs_m24_p,0.0014427837,309,0
liga_pes_sum_m7_g,0.001441654,310,0
wr_tier_Free For all Randoms_m9_g,0.0014382697,311,0
wr_diff_m3_vs_m5_p,0.0014356682,312,0
wr_rep_3_m12_g,0.0014323081,313,0
cat_ascenso_mean_m7_p,0.0014219056,314,0
n_batallas_m24_g,0.0014201468,315,0
pokes_venc_mean_m3_p,0.0014097503,316,0
fase_elim_sum_m5_g,0.0014085975,317,0
fmt_dobles_sum_m9_g,0.0014068371,318,0
fase_grupos_sum_m12_g,0.0014067253,319,0
wr_rep_1_m5_g,0.0014067085,320,0
nb_diff_m1_vs_m3_g,0.0014037429,321,0
wr_diff_m3_vs_m5_g,0.0013977998,322,0
pokes_sob_sum_m3_g,0.0013936574,323,0
wr_tier_DOBLES LC_m36_p,0.0013895036,324,0
wr_rep_3_m24_p,0.001386422,325,0
nb_ratio_m5_vs_m12_p,0.0013835366,326,0
fmt_vgc_mean_m5_p,0.0013786756,327,0
wr_diff_m1_vs_m3_g,0.0013767151,328,0
liga_pss_sum_m7_p,0.0013706676,329,0
fase_rondas_mean_m7_p,0.0013705294,330,0
liga_pes_mean_m18_p,0.0013672254,331,0
wr_rep_2_m5_p,0.0013626078,332,0
wr_ratio_m1_vs_m3_p,0.0013611914,333,0
pokes_sob_mean_m7_p,0.0013610607,334,0
liga_pls_mean_m12_p,0.0013550689,335,0
fase_rondas_mean_m1_p,0.0013540549,336,0
fmt_vgc_mean_m9_p,0.0013509651,337,0
wr_tier_VGC_m1_p,0.0013497492,338,0
pokes_venc_mean_m5_g,0.0013472062,339,0
wr_tier_UBERS_m7_g,0.0013470693,340,0
fmt_singles_mean_m5_g,0.0013445648,341,0
wr_ratio_m3_vs_m12_p,0.0013440982,342,0
wr_ratio_m1_vs_m36_p,0.0013384024,343,0
fase_elim_mean_m1_p,0.0013373294,344,0
pokes_venc_sum_m3_g,0.0013293554,345,0
nb_ratio_m24_vs_m36_p,0.0013266141,346,0
rep_actual_mean_m3_p,0.0013197848,347,0
wr_ratio_m1_vs_m36_g,0.0013161993,348,0
n_batallas_m15_p,0.0013137262,349,0
liga_pms_mean_m12_g,0.0013065836,350,0
fase_elim_mean_m24_g,0.0013047168,351,0
pokes_sob_sum_m12_p,0.0012999438,352,0
liga_pes_mean_m7_p,0.0012969916,353,0
rep_actual_mean_m12_g,0.001294451,354,0
wr_tier_BABY RANDOM SINGLES_m12_p,0.0012938515,355,0
pokes_venc_sum_m24_p,0.0012933142,356,0
wr_tier_DOU_m36_g,0.0012927066,357,0
winrate_m7_g,0.0012893688,358,0
rep_actual_mean_m1_g,0.0012835091,359,0
pokes_sob_sum_m18_g,0.0012831091,360,0
liga_pes_sum_m15_p,0.0012822633,361,0
fmt_dobles_sum_m36_p,0.0012780499,362,0
fase_rondas_mean_m3_g,0.0012767572,363,0
fase_rondas_sum_m9_p,0.0012760259,364,0
liga_pls_mean_m3_g,0.0012698385,365,0
rep_actual_sum_m15_g,0.0012686813,366,0
cat_ascenso_mean_m3_p,0.0012676239,367,0
wr_diff_m3_vs_m12_p,0.0012628965,368,0
pokes_venc_mean_m1_p,0.0012565766,369,0
cat_ascenso_mean_m24_g,0.0012557104,370,0
fase_rondas_mean_m1_g,0.0012470803,371,0
fmt_vgc_mean_m3_p,0.0012459018,372,0
liga_pes_mean_m15_p,0.0012434298,373,0
nb_diff_m24_vs_m36_p,0.0012417933,374,0
wr_tier_NAT DEX DOBLES_m5_g,0.0012395962,375,0
wr_tier_RANDOM SINGLES_m1_g,0.0012377955,376,0
nb_ratio_m3_vs_m5_g,0.0012351122,377,0
pokes_sob_mean_m1_g,0.0012334106,378,0
fmt_dobles_sum_m1_p,0.001231557,379,0
fmt_dobles_sum_m3_g,0.001228751,380,0
wr_rep_2_m7_g,0.0012255313,381,0
fmt_dobles_mean_m7_p,0.0012244879,382,0
cat_torneo_mean_m7_p,0.0012230021,383,0
wr_tier_DOU_m36_p,0.0012214924,384,0
cat_cypher_mean_m7_g,0.001214915,385,0
liga_pjs_sum_m18_p,0.0012091289,386,0
cat_cypher_mean_m24_p,0.0012048205,387,0
wr_rep_3_m24_g,0.0012040361,388,0
cat_liga_sum_m3_p,0.0012029287,389,0
ma_ratio_m1_vs_m36_g,0.0011987028,390,0
n_batallas_m36_g,0.0011898845,391,0
wr_ratio_m3_vs_m12_g,0.0011878251,392,0
pokes_sob_sum_m3_p,0.0011845455,393,0
fmt_vgc_mean_m18_g,0.0011746046,394,0
liga_pjs_sum_m1_p,0.0011739571,395,0
n_batallas_m3_p,0.0011603856,396,0
fmt_singles_sum_m5_g,0.0011569461,397,0
n_batallas_m7_p,0.0011542811,398,0
liga_pss_sum_m12_g,0.0011387096,399,0
liga_pss_sum_m36_p,0.0011296324,400,0
wr_tier_UBERS_m9_g,0.0011288181,401,0
fase_rondas_mean_m7_g,0.0011260177,402,0
liga_pes_mean_m12_p,0.0011231389,403,0
fase_elim_sum_m18_p,0.0011130811,404,0
nb_ratio_m5_vs_m12_g,0.0011110628,405,0
liga_pjs_mean_m9_g,0.0011019253,406,0
wr_ratio_m12_vs_m24_g,0.0011010154,407,0
wr_tier_RANDOM SINGLES_m5_p,0.0011002835,408,0
fmt_dobles_mean_m36_p,0.0010991736,409,0
ma_ratio_m5_vs_m12_p,0.0010962236,410,0
wr_tier_NAT DEX DOBLES_m12_p,0.0010955726,411,0
fase_elim_mean_m7_g,0.0010953539,412,0
liga_pss_mean_m12_g,0.0010951653,413,0
wr_rep_2_m1_g,0.0010864041,414,0
nb_ratio_m1_vs_m3_p,0.0010848641,415,0
wr_rep_4_m36_p,0.0010831861,416,0
cat_torneo_mean_m15_p,0.00108277,417,0
fase_grupos_mean_m5_p,0.0010662682,418,0
wr_tier_NAT DEX UBERS UU_m3_p,0.0010619742,419,0
fase_rondas_sum_m3_p,0.0010605538,420,0
wr_tier_VGC_m3_p,0.0010587074,421,0
wr_diff_m1_vs_m36_p,0.0010575331,422,0
fase_elim_mean_m9_g,0.0010555383,423,0
liga_pjs_mean_m7_p,0.0010500768,424,0
wr_tier_VGC_m9_g,0.0010453789,425,0
cat_ascenso_sum_m7_g,0.0010400071,426,0
fmt_dobles_mean_m9_g,0.0010398214,427,0
nb_ratio_m1_vs_m12_g,0.0010344018,428,0
pokes_venc_sum_m3_p,0.001031572,429,0
cat_torneo_mean_m12_g,0.0010270863,430,0
wr_diff_m24_vs_m36_g,0.0010260263,431,0
fmt_singles_sum_m7_g,0.0010235865,432,0
fase_grupos_sum_m36_g,0.0010171256,433,0
wr_diff_m3_vs_m12_g,0.00101579,434,0
winrate_m9_g,0.0010157253,435,0
wr_ratio_m1_vs_m12_g,0.0010139884,436,0
nb_diff_m3_vs_m12_p,0.0009912887,437,0
wr_tier_Free For all Randoms_m12_p,0.0009660115,438,0
fase_rondas_mean_m18_g,0.00096459314,439,0
fmt_vgc_mean_m24_p,0.00096409855,440,0
wr_rep_2_m15_p,0.0009508975,441,0
wr_rep_4_m24_g,0.0009427091,442,0
wr_tier_RANDOM DOUBLES_m7_p,0.00094240654,443,0
fase_elim_mean_m36_p,0.0009414563,444,0
ma_ratio_m1_vs_m36_p,0.00093973725,445,0
fase_grupos_sum_m5_p,0.0009365235,446,0
liga_pss_mean_m5_p,0.00093430997,447,0
wr_rep_2_m9_p,0.0009316783,448,0
wr_rep_2_m5_g,0.0009305575,449,0
fase_grupos_mean_m12_p,0.00092996954,450,0
wr_tier_NAT DEX_m5_g,0.00092934346,451,0
fase_grupos_sum_m15_p,0.00092721125,452,0
wr_tier_OU_m7_g,0.00092366454,453,0
wr_rep_1_m5_p,0.00092101446,454,0
wr_tier_DOBLES LC_m15_g,0.0009186786,455,0
fmt_vgc_mean_m1_p,0.0009066017,456,0
cat_torneo_mean_m5_g,0.0009047017,457,0
fmt_dobles_sum_m15_g,0.00090458454,458,0
wr_tier_RANDOM SINGLES_m15_g,0.00090229744,459,0
wr_tier_OU_m5_g,0.00089944905,460,0
wr_tier_VGC_m5_p,0.0008965871,461,0
wr_tier_VGC_m15_p,0.00088135427,462,0
wr_tier_LEYENDAS Z-A OU_m3_p,0.00087648147,463,0
meses_activo_m3_p,0.00087287935,464,0
fmt_vgc_mean_m12_p,0.0008715246,465,0
fase_grupos_mean_m18_p,0.0008711998,466,0
wr_tier_VGC_m12_p,0.00086333096,467,0
pokes_venc_sum_m1_p,0.000858213,468,0
rep_actual_sum_m9_g,0.0008573511,469,0
cat_cypher_mean_m5_p,0.0008511082,470,0
pokes_sob_sum_m12_g,0.00084910647,471,0
cat_cypher_sum_m3_p,0.0008470183,472,0
nb_ratio_m12_vs_m24_g,0.0008467924,473,0
fase_grupos_mean_m3_g,0.00084327254,474,0
wr_tier_NAT DEX DOBLES_m24_g,0.000840038,475,0
wr_tier_RANDOM DOUBLES_m18_g,0.0008297998,476,0
liga_pls_sum_m15_p,0.0008289628,477,0
fmt_singles_mean_m9_p,0.00082120224,478,0
wr_tier_VGC_m1_g,0.0008189762,479,0
fmt_singles_mean_m12_p,0.00081365067,480,0
liga_pss_mean_m15_p,0.0008086698,481,0
cat_cypher_sum_m7_p,0.00080612046,482,0
fmt_dobles_sum_m5_g,0.0007986843,483,0
fmt_dobles_mean_m15_g,0.0007921227,484,0
fase_elim_mean_m12_g,0.00079095317,485,0
cat_cypher_sum_m7_g,0.00078279356,486,0
wr_ratio_m5_vs_m12_p,0.0007754052,487,0
fase_grupos_sum_m18_p,0.00077352935,488,0
wr_tier_RANDOM SINGLES_m7_p,0.0007701687,489,0
liga_pms_mean_m18_p,0.00076401123,490,0
wr_tier_NAT DEX_m1_g,0.0007625866,491,0
wr_tier_BSS_m12_g,0.0007556301,492,0
ma_ratio_m24_vs_m36_g,0.00072304846,493,0
winrate_m3_g,0.000719047,494,0
wr_tier_RANDOM SINGLES_m3_p,0.00071242015,495,0
ma_ratio_m3_vs_m12_p,0.00071206,496,0
cat_torneo_sum_m5_g,0.00070156873,497,0
wr_tier_UBERS_m36_p,0.0006873791,498,0
fase_elim_sum_m9_p,0.0006866566,499,0
pokes_venc_mean_m5_p,0.0006791171,500,0
n_batallas_m3_g,0.0006750549,501,0
wr_rep_3_m3_p,0.00066576235,502,0
cat_liga_sum_m9_g,0.000662312,503,0
ctx_rep_bucket,0.0006610021,504,0
fmt_singles_mean_m15_p,0.0006571119,505,0
wr_tier_DOU_m1_p,0.00064863305,506,0
fmt_vgc_sum_m36_g,0.00064687943,507,0
cat_ascenso_mean_m12_p,0.0006391109,508,0
n_batallas_m18_p,0.0006380234,509,0
nb_diff_m3_vs_m5_p,0.00063183554,510,0
fmt_singles_mean_m15_g,0.00059591484,511,0
nb_diff_m1_vs_m12_p,0.0005852774,512,0
liga_pss_sum_m15_g,0.0005847999,513,0
cat_ascenso_sum_m24_g,0.0005816861,514,0
wr_rep_3_m7_p,0.0005751529,515,0
wr_rep_1_m9_g,0.0005700104,516,0
nb_diff_m12_vs_m24_g,0.00052355294,517,0
pokes_venc_sum_m7_p,0.00051373563,518,0
fmt_singles_mean_m24_p,0.00050082617,519,0
rep_actual_sum_m3_p,0.00047212563,520,0
wr_rep_4_m9_p,0.00046702975,521,0
n_batallas_m9_p,0.0004637469,522,0
wr_rep_3_m36_g,0.000457893,523,0
fmt_singles_mean_m7_g,0.00044220054,524,0
cat_liga_mean_m3_g,0.0004419138,525,0
fase_grupos_mean_m24_p,0.0004162929,526,0
fmt_singles_sum_m1_p,0.00041305294,527,0
wr_rep_2_m24_g,0.00037484049,528,0
cat_torneo_sum_m9_p,0.0003748203,529,0
cat_ascenso_sum_m7_p,0.00036780586,530,0
n_batallas_m1_g,0.00036604115,531,0
liga_pms_sum_m36_g,0.00034007573,532,0
meses_activo_m12_g,0.00032776696,533,0
rep_actual_sum_m3_g,0.00030910873,534,0
fmt_singles_mean_m12_g,0.00030808678,535,0
wr_tier_RANDOM SINGLES_m5_g,0.00030272562,536,0
rep_actual_mean_m9_p,0.00027297964,537,0
wr_ratio_m1_vs_m3_g,0.0002469897,538,0
wr_tier_RANDOM SINGLES_m7_g,0.00024177712,539,0
winrate_m1_g,0.00023322458,540,0
fase_elim_mean_m12_p,0.00022722693,541,0
cat_cypher_sum_m24_g,0.00020088951,542,0
cat_cypher_sum_m15_p,0.00019795985,543,0
wr_tier_DOU_m1_g,0.00016877385,544,0
wr_tier_NAT DEX DOBLES_m5_p,0.00015400618,545,0
fmt_vgc_mean_m7_g,0.00015308695,546,0
wr_rep_1_m9_p,0.00013896024,547,0
wr_tier_RANDOM DOUBLES_m5_g,0.00010682342,548,0
cat_liga_sum_m1_g,7.494822e-05,549,0
winrate_m5_g,7.397886e-05,550,0
wr_tier_METRONOMO_m12_g,0.0,551,0
wr_tier_MONOTYPE RANDOM BATTLE_m12_g,0.0,552,0
wr_tier_MultiRandomBattle_m12_g,0.0,553,0
wr_tier_NAT DEX DOBLES_m12_g,0.0,554,0
liga_pls_mean_m12_g,0.0,555,0
wr_tier_BABY RANDOM SINGLES_m12_g,0.0,556,0
wr_tier_BSS CHAMPIONS_m12_g,0.0,557,0
wr_tier_CHAMPIONS_m12_g,0.0,558,0
wr_tier_DOBLES LC_m12_g,0.0,559,0
wr_tier_DOU_m12_g,0.0,560,0
wr_tier_DUBERS_m12_g,0.0,561,0
participo_liga_sum_m15_g,0.0,562,0
participo_liga_mean_m15_g,0.0,563,0
liga_pms_sum_m15_g,0.0,564,0
liga_pms_mean_m15_g,0.0,565,0
liga_pss_mean_m15_g,0.0,566,0
liga_pes_sum_m15_g,0.0,567,0
liga_pes_mean_m15_g,0.0,568,0
fase_grupos_mean_m15_g,0.0,569,0
fase_jornadas_sum_m15_g,0.0,570,0
fase_jornadas_mean_m15_g,0.0,571,0
fase_rondas_sum_m15_g,0.0,572,0
fase_rondas_mean_m15_g,0.0,573,0
pokes_sob_sum_m15_g,0.0,574,0
pokes_venc_sum_m15_g,0.0,575,0
pokes_venc_mean_m15_g,0.0,576,0
cat_liga_sum_m15_g,0.0,577,0
cat_liga_mean_m15_g,0.0,578,0
cat_ascenso_sum_m15_g,0.0,579,0
cat_cypher_sum_m15_g,0.0,580,0
cat_cypher_mean_m15_g,0.0,581,0
fase_elim_sum_m15_g,0.0,582,0
fase_elim_mean_m15_g,0.0,583,0
fase_grupos_sum_m15_g,0.0,584,0
n_batallas_m15_g,0.0,585,0
meses_activo_m15_g,0.0,586,0
fmt_singles_sum_m15_g,0.0,587,0
fmt_vgc_sum_m15_g,0.0,588,0
fmt_vgc_mean_m15_g,0.0,589,0
wr_tier_RANDOM DOUBLES_m9_g,0.0,590,0
wr_tier_RANDOM SINGLES_m9_g,0.0,591,0
wr_tier_STADIUM OU GEN 1_m9_g,0.0,592,0
wr_tier_STADIUM OU GEN 2_m9_g,0.0,593,0
wr_tier_TRADEMARKED_m9_g,0.0,594,0
wr_tier_VGC 2010_m9_g,0.0,595,0
wr_tier_NAT DEX DOBLES_m15_g,0.0,596,0
wr_tier_NAT DEX DUBERS_m15_g,0.0,597,0
wr_tier_NAT DEX MONOTYPE_m15_g,0.0,598,0
wr_tier_NAT DEX UBERS_m15_g,0.0,599,0
wr_tier_NAT DEX UBERS UU_m15_g,0.0,600,0
wr_tier_ORRE COLOSSEUM_m15_g,0.0,601,0
wr_tier_RANDBATS CHAMPIONS_m9_g,0.0,602,0
wr_tier_RANDOM DOBLES CHAMPIONS_m9_g,0.0,603,0
wr_tier_DUBERS_m15_g,0.0,604,0
wr_tier_Free For all_m15_g,0.0,605,0
wr_tier_Free For all Randoms_m15_g,0.0,606,0
wr_tier_LC_m15_g,0.0,607,0
wr_tier_LEYENDAS Z-A OU_m15_g,0.0,608,0
wr_tier_METRONOMO_m15_g,0.0,609,0
wr_tier_MONOTYPE RANDOM BATTLE_m15_g,0.0,610,0
wr_tier_MultiRandomBattle_m15_g,0.0,611,0
liga_pjs_sum_m15_g,0.0,612,0
liga_pls_sum_m15_g,0.0,613,0
liga_pls_mean_m15_g,0.0,614,0
wr_tier_BABY RANDOM SINGLES_m15_g,0.0,615,0
wr_tier_BSS_m15_g,0.0,616,0
wr_tier_BSS CHAMPIONS_m15_g,0.0,617,0
wr_tier_CHAMPIONS_m15_g,0.0,618,0
wr_tier_STADIUM OU GEN 2_m15_g,0.0,619,0
wr_tier_TRADEMARKED_m15_g,0.0,620,0
wr_tier_UBERS_m15_g,0.0,621,0
wr_tier_VGC_m15_g,0.0,622,0
wr_tier_VGC 2010_m15_g,0.0,623,0
wr_rep_4_m15_g,0.0,624,0
wr_rep_5_m15_g,0.0,625,0
n_batallas_m18_g,0.0,626,0
cat_ascenso_mean_m12_g,0.0,627,0
cat_cypher_sum_m12_g,0.0,628,0
wr_tier_OU_m15_g,0.0,629,0
wr_tier_RANDBATS CHAMPIONS_m15_g,0.0,630,0
wr_tier_RANDOM DOBLES CHAMPIONS_m15_g,0.0,631,0
wr_tier_RANDOM DOUBLES_m15_g,0.0,632,0
wr_tier_STADIUM OU GEN 1_m15_g,0.0,633,0
fmt_dobles_sum_m12_g,0.0,634,0
fmt_dobles_mean_m12_g,0.0,635,0
fmt_vgc_sum_m12_g,0.0,636,0
fmt_vgc_mean_m12_g,0.0,637,0
cat_liga_mean_m12_g,0.0,638,0
cat_torneo_sum_m12_g,0.0,639,0
wr_rep_2_m9_g,0.0,640,0
wr_rep_3_m9_g,0.0,641,0
wr_rep_4_m9_g,0.0,642,0
wr_rep_5_m9_g,0.0,643,0
n_batallas_m12_g,0.0,644,0
winrate_m12_g,0.0,645,0
fmt_singles_sum_m12_g,0.0,646,0
liga_pls_mean_m18_g,0.0,647,0
wr_tier_BABY RANDOM SINGLES_m18_g,0.0,648,0
wr_tier_BSS CHAMPIONS_m18_g,0.0,649,0
wr_tier_CHAMPIONS_m18_g,0.0,650,0
wr_tier_DOBLES LC_m18_g,0.0,651,0
liga_pms_sum_m9_g,0.0,652,0
liga_pms_mean_m9_g,0.0,653,0
liga_pss_mean_m9_g,0.0,654,0
participo_liga_sum_m18_g,0.0,655,0
participo_liga_mean_m18_g,0.0,656,0
rep_actual_sum_m18_g,0.0,657,0
liga_pms_mean_m18_g,0.0,658,0
liga_pss_sum_m18_g,0.0,659,0
liga_pss_mean_m18_g,0.0,660,0
liga_pes_mean_m18_g,0.0,661,0
liga_pls_sum_m18_g,0.0,662,0
fase_elim_mean_m18_g,0.0,663,0
fase_grupos_sum_m18_g,0.0,664,0
fase_grupos_mean_m18_g,0.0,665,0
fase_jornadas_sum_m18_g,0.0,666,0
fase_jornadas_mean_m18_g,0.0,667,0
pokes_sob_mean_m18_g,0.0,668,0
pokes_venc_sum_m18_g,0.0,669,0
meses_activo_m18_g,0.0,670,0
fmt_singles_sum_m18_g,0.0,671,0
fmt_dobles_sum_m18_g,0.0,672,0
cat_torneo_mean_m18_g,0.0,673,0
cat_ascenso_sum_m18_g,0.0,674,0
cat_ascenso_mean_m18_g,0.0,675,0
cat_cypher_sum_m18_g,0.0,676,0
cat_cypher_mean_m18_g,0.0,677,0
wr_tier_Free For all Randoms_m18_g,0.0,678,0
wr_tier_LC_m18_g,0.0,679,0
wr_tier_LEYENDAS Z-A OU_m18_g,0.0,680,0
wr_tier_METRONOMO_m18_g,0.0,681,0
wr_tier_MONOTYPE RANDOM BATTLE_m18_g,0.0,682,0
wr_tier_MultiRandomBattle_m18_g,0.0,683,0
wr_tier_NAT DEX DOBLES_m18_g,0.0,684,0
wr_tier_NAT DEX DUBERS_m18_g,0.0,685,0
wr_tier_MultiRandomBattle_m9_g,0.0,686,0
wr_tier_NAT DEX DUBERS_m9_g,0.0,687,0
wr_tier_NAT DEX MONOTYPE_m9_g,0.0,688,0
wr_tier_NAT DEX UBERS_m9_g,0.0,689,0
wr_tier_NAT DEX UBERS UU_m9_g,0.0,690,0
wr_tier_ORRE COLOSSEUM_m9_g,0.0,691,0
wr_tier_DUBERS_m18_g,0.0,692,0
wr_tier_Free For all_m18_g,0.0,693,0
wr_tier_BSS CHAMPIONS_m9_g,0.0,694,0
wr_tier_CHAMPIONS_m9_g,0.0,695,0
wr_tier_DUBERS_m9_g,0.0,696,0
wr_tier_Free For all_m9_g,0.0,697,0
wr_tier_LC_m9_g,0.0,698,0
wr_tier_LEYENDAS Z-A OU_m9_g,0.0,699,0
wr_tier_METRONOMO_m9_g,0.0,700,0
wr_tier_MONOTYPE RANDOM BATTLE_m9_g,0.0,701,0
liga_pes_sum_m9_g,0.0,702,0
liga_pes_mean_m9_g,0.0,703,0
liga_pjs_sum_m9_g,0.0,704,0
liga_pls_sum_m9_g,0.0,705,0
liga_pls_mean_m9_g,0.0,706,0
wr_tier_BABY RANDOM SINGLES_m9_g,0.0,707,0
wr_tier_BSS_m9_g,0.0,708,0
cat_cypher_mean_m24_g,0.0,709,0
fase_grupos_sum_m24_g,0.0,710,0
fase_grupos_mean_m24_g,0.0,711,0
fase_jornadas_sum_m24_g,0.0,712,0
fase_jornadas_mean_m24_g,0.0,713,0
fase_rondas_sum_m24_g,0.0,714,0
fase_rondas_mean_m24_g,0.0,715,0
pokes_sob_sum_m24_g,0.0,716,0
fmt_singles_sum_m24_g,0.0,717,0
fmt_dobles_sum_m24_g,0.0,718,0
fmt_vgc_sum_m24_g,0.0,719,0
cat_liga_sum_m24_g,0.0,720,0
cat_torneo_sum_m24_g,0.0,721,0
cat_torneo_mean_m24_g,0.0,722,0
wr_tier_STADIUM OU GEN 2_m18_g,0.0,723,0
wr_tier_TRADEMARKED_m18_g,0.0,724,0
wr_tier_UBERS_m18_g,0.0,725,0
wr_tier_VGC_m18_g,0.0,726,0
wr_tier_VGC 2010_m18_g,0.0,727,0
wr_rep_1_m18_g,0.0,728,0
wr_rep_5_m18_g,0.0,729,0
meses_activo_m24_g,0.0,730,0
wr_tier_NAT DEX MONOTYPE_m18_g,0.0,731,0
wr_tier_NAT DEX UBERS_m18_g,0.0,732,0
wr_tier_NAT DEX UBERS UU_m18_g,0.0,733,0
wr_tier_ORRE COLOSSEUM_m18_g,0.0,734,0
wr_tier_RANDBATS CHAMPIONS_m18_g,0.0,735,0
wr_tier_RANDOM DOBLES CHAMPIONS_m18_g,0.0,736,0
wr_tier_STADIUM OU GEN 1_m18_g,0.0,737,0
wr_tier_MONOTYPE RANDOM BATTLE_m24_g,0.0,738,0
wr_tier_MultiRandomBattle_m24_g,0.0,739,0
wr_tier_NAT DEX_m24_g,0.0,740,0
wr_tier_NAT DEX DUBERS_m24_g,0.0,741,0
wr_tier_NAT DEX MONOTYPE_m24_g,0.0,742,0
wr_tier_NAT DEX UBERS_m24_g,0.0,743,0
wr_tier_NAT DEX UBERS UU_m24_g,0.0,744,0
wr_tier_CHAMPIONS_m24_g,0.0,745,0
wr_tier_DOBLES LC_m24_g,0.0,746,0
wr_tier_DUBERS_m24_g,0.0,747,0
wr_tier_Free For all_m24_g,0.0,748,0
wr_tier_Free For all Randoms_m24_g,0.0,749,0
wr_tier_LC_m24_g,0.0,750,0
wr_tier_LEYENDAS Z-A OU_m24_g,0.0,751,0
wr_tier_METRONOMO_m24_g,0.0,752,0
liga_pes_sum_m24_g,0.0,753,0
liga_pes_mean_m24_g,0.0,754,0
liga_pjs_sum_m24_g,0.0,755,0
liga_pls_sum_m24_g,0.0,756,0
liga_pls_mean_m24_g,0.0,757,0
wr_tier_BABY RANDOM SINGLES_m24_g,0.0,758,0
wr_tier_BSS_m24_g,0.0,759,0
wr_tier_BSS CHAMPIONS_m24_g,0.0,760,0
pokes_venc_sum_m24_g,0.0,761,0
pokes_venc_mean_m24_g,0.0,762,0
participo_liga_sum_m24_g,0.0,763,0
participo_liga_mean_m24_g,0.0,764,0
rep_actual_sum_m24_g,0.0,765,0
liga_pms_sum_m24_g,0.0,766,0
liga_pms_mean_m24_g,0.0,767,0
liga_pss_sum_m24_g,0.0,768,0
wr_tier_RANDBATS CHAMPIONS_m24_g,0.0,769,0
wr_tier_RANDOM DOBLES CHAMPIONS_m24_g,0.0,770,0
wr_tier_RANDOM DOUBLES_m24_g,0.0,771,0
wr_tier_STADIUM OU GEN 1_m24_g,0.0,772,0
wr_tier_STADIUM OU GEN 2_m24_g,0.0,773,0
wr_tier_TRADEMARKED_m24_g,0.0,774,0
wr_tier_UBERS_m24_g,0.0,775,0
wr_tier_VGC_m24_g,0.0,776,0
fase_jornadas_mean_m9_g,0.0,777,0
fase_rondas_sum_m9_g,0.0,778,0
pokes_sob_sum_m9_g,0.0,779,0
pokes_venc_sum_m9_g,0.0,780,0
participo_liga_sum_m9_g,0.0,781,0
participo_liga_mean_m9_g,0.0,782,0
wr_tier_OU_m24_g,0.0,783,0
cat_torneo_mean_m9_g,0.0,784,0
cat_cypher_sum_m9_g,0.0,785,0
cat_cypher_mean_m9_g,0.0,786,0
fase_elim_sum_m9_g,0.0,787,0
fase_grupos_sum_m9_g,0.0,788,0
fase_grupos_mean_m9_g,0.0,789,0
fase_jornadas_sum_m9_g,0.0,790,0
wr_tier_ORRE COLOSSEUM_m24_g,0.0,791,0
n_batallas_m9_g,0.0,792,0
fmt_singles_sum_m9_g,0.0,793,0
fmt_vgc_sum_m9_g,0.0,794,0
fmt_vgc_mean_m9_g,0.0,795,0
participo_liga_sum_m36_g,0.0,796,0
participo_liga_mean_m36_g,0.0,797,0
rep_actual_sum_m36_g,0.0,798,0
liga_pms_mean_m36_g,0.0,799,0
liga_pss_sum_m36_g,0.0,800,0
liga_pss_mean_m36_g,0.0,801,0
liga_pes_sum_m36_g,0.0,802,0
fase_jornadas_sum_m36_g,0.0,803,0
fase_jornadas_mean_m36_g,0.0,804,0
fase_rondas_sum_m36_g,0.0,805,0
fase_rondas_mean_m36_g,0.0,806,0
pokes_sob_sum_m36_g,0.0,807,0
pokes_venc_sum_m36_g,0.0,808,0
pokes_venc_mean_m36_g,0.0,809,0
cat_liga_sum_m36_g,0.0,810,0
cat_torneo_sum_m36_g,0.0,811,0
cat_ascenso_sum_m36_g,0.0,812,0
cat_ascenso_mean_m36_g,0.0,813,0
cat_cypher_sum_m36_g,0.0,814,0
cat_cypher_mean_m36_g,0.0,815,0
fase_elim_mean_m36_g,0.0,816,0
wr_tier_VGC 2010_m24_g,0.0,817,0
wr_rep_5_m24_g,0.0,818,0
meses_activo_m36_g,0.0,819,0
fmt_singles_sum_m36_g,0.0,820,0
fmt_singles_mean_m36_g,0.0,821,0
fmt_dobles_sum_m36_g,0.0,822,0
wr_tier_RANDOM DOBLES CHAMPIONS_m36_g,0.0,823,0
wr_tier_STADIUM OU GEN 1_m36_g,0.0,824,0
wr_tier_STADIUM OU GEN 2_m36_g,0.0,825,0
wr_tier_TRADEMARKED_m36_g,0.0,826,0
wr_tier_UBERS_m36_g,0.0,827,0
wr_tier_VGC 2010_m36_g,0.0,828,0
wr_rep_4_m36_g,0.0,829,0
wr_tier_NAT DEX DOBLES_m36_g,0.0,830,0
wr_tier_NAT DEX DUBERS_m36_g,0.0,831,0
wr_tier_NAT DEX MONOTYPE_m36_g,0.0,832,0
wr_tier_NAT DEX UBERS_m36_g,0.0,833,0
wr_tier_NAT DEX UBERS UU_m36_g,0.0,834,0
wr_tier_ORRE COLOSSEUM_m36_g,0.0,835,0
wr_tier_OU_m36_g,0.0,836,0
wr_tier_RANDBATS CHAMPIONS_m36_g,0.0,837,0
wr_tier_DUBERS_m36_g,0.0,838,0
wr_tier_Free For all_m36_g,0.0,839,0
wr_tier_Free For all Randoms_m36_g,0.0,840,0
wr_tier_LC_m36_g,0.0,841,0
wr_tier_LEYENDAS Z-A OU_m36_g,0.0,842,0
wr_tier_METRONOMO_m36_g,0.0,843,0
wr_tier_MONOTYPE RANDOM BATTLE_m36_g,0.0,844,0
wr_tier_MultiRandomBattle_m36_g,0.0,845,0
liga_pes_mean_m36_g,0.0,846,0
liga_pls_sum_m36_g,0.0,847,0
liga_pls_mean_m36_g,0.0,848,0
wr_tier_BABY RANDOM SINGLES_m36_g,0.0,849,0
wr_tier_BSS_m36_g,0.0,850,0
wr_tier_BSS CHAMPIONS_m36_g,0.0,851,0
wr_tier_CHAMPIONS_m36_g,0.0,852,0
wr_tier_DOBLES LC_m36_g,0.0,853,0
wr_rep_3_m7_g,0.0,854,0
wr_rep_5_m7_g,0.0,855,0
ma_ratio_m1_vs_m3_g,0.0,856,0
nb_ratio_m3_vs_m12_g,0.0,857,0
nb_diff_m3_vs_m12_g,0.0,858,0
ma_ratio_m3_vs_m12_g,0.0,859,0
wr_tier_RANDBATS CHAMPIONS_m7_g,0.0,860,0
wr_tier_RANDOM DOBLES CHAMPIONS_m7_g,0.0,861,0
wr_tier_RANDOM DOUBLES_m7_g,0.0,862,0
wr_tier_STADIUM OU GEN 1_m7_g,0.0,863,0
wr_tier_STADIUM OU GEN 2_m7_g,0.0,864,0
wr_tier_TRADEMARKED_m7_g,0.0,865,0
wr_tier_VGC 2010_m7_g,0.0,866,0
wr_tier_MultiRandomBattle_m7_g,0.0,867,0
wr_tier_NAT DEX DOBLES_m7_g,0.0,868,0
wr_tier_NAT DEX DUBERS_m7_g,0.0,869,0
wr_tier_NAT DEX MONOTYPE_m7_g,0.0,870,0
wr_tier_NAT DEX UBERS_m7_g,0.0,871,0
wr_tier_NAT DEX UBERS UU_m7_g,0.0,872,0
wr_tier_ORRE COLOSSEUM_m7_g,0.0,873,0
wr_rep_5_m36_g,0.0,874,0
wr_tier_DUBERS_m7_g,0.0,875,0
wr_tier_Free For all_m7_g,0.0,876,0
wr_tier_Free For all Randoms_m7_g,0.0,877,0
wr_tier_LC_m7_g,0.0,878,0
wr_tier_LEYENDAS Z-A OU_m7_g,0.0,879,0
wr_tier_METRONOMO_m7_g,0.0,880,0
wr_tier_MONOTYPE RANDOM BATTLE_m7_g,0.0,881,0
log_n_batallas_m36_g,0.0,882,0
log_meses_activo_m1_g,0.0,883,0
log_meses_activo_m3_g,0.0,884,0
log_meses_activo_m5_g,0.0,885,0
log_meses_activo_m7_g,0.0,886,0
log_meses_activo_m9_g,0.0,887,0
log_meses_activo_m12_g,0.0,888,0
log_meses_activo_m15_g,0.0,889,0
log_n_batallas_m3_g,0.0,890,0
log_n_batallas_m5_g,0.0,891,0
log_n_batallas_m7_g,0.0,892,0
log_n_batallas_m9_g,0.0,893,0
log_n_batallas_m12_g,0.0,894,0
log_n_batallas_m15_g,0.0,895,0
log_n_batallas_m18_g,0.0,896,0
log_n_batallas_m24_g,0.0,897,0
ma_ratio_m12_vs_m24_g,0.0,898,0
nb_ratio_m24_vs_m36_g,0.0,899,0
nb_diff_m1_vs_m36_g,0.0,900,0
log_n_batallas_m1_g,0.0,901,0
wr_diff_m5_vs_m12_g,0.0,902,0
nb_diff_m5_vs_m12_g,0.0,903,0
ma_ratio_m1_vs_m12_g,0.0,904,0
wr_diff_m12_vs_m24_g,0.0,905,0
cat_cypher_sum_m1_p,0.0,906,0
cat_cypher_mean_m1_p,0.0,907,0
fase_elim_sum_m1_p,0.0,908,0
fase_grupos_sum_m1_p,0.0,909,0
fase_jornadas_sum_m1_p,0.0,910,0
fase_jornadas_mean_m1_p,0.0,911,0
fase_rondas_sum_m1_p,0.0,912,0
pokes_sob_sum_m1_p,0.0,913,0
fmt_vgc_sum_m1_p,0.0,914,0
cat_liga_sum_m1_p,0.0,915,0
cat_liga_mean_m1_p,0.0,916,0
cat_torneo_sum_m1_p,0.0,917,0
cat_torneo_mean_m1_p,0.0,918,0
cat_ascenso_sum_m1_p,0.0,919,0
cat_ascenso_mean_m1_p,0.0,920,0
log1p_wr_winrate_m12_g,0.0,921,0
log1p_wr_winrate_m15_g,0.0,922,0
log1p_wr_winrate_m18_g,0.0,923,0
log1p_wr_winrate_m24_g,0.0,924,0
log1p_wr_winrate_m36_g,0.0,925,0
winrate_m1_p,0.0,926,0
meses_activo_m1_p,0.0,927,0
log_meses_activo_m18_g,0.0,928,0
log_meses_activo_m24_g,0.0,929,0
log_meses_activo_m36_g,0.0,930,0
log1p_wr_winrate_m1_g,0.0,931,0
log1p_wr_winrate_m3_g,0.0,932,0
log1p_wr_winrate_m5_g,0.0,933,0
log1p_wr_winrate_m7_g,0.0,934,0
log1p_wr_winrate_m9_g,0.0,935,0
participo_liga_mean_m1_p,0.0,936,0
liga_pms_sum_m1_p,0.0,937,0
liga_pms_mean_m1_p,0.0,938,0
liga_pss_sum_m1_p,0.0,939,0
liga_pss_mean_m1_p,0.0,940,0
liga_pes_sum_m1_p,0.0,941,0
liga_pes_mean_m1_p,0.0,942,0
liga_pjs_mean_m1_p,0.0,943,0
liga_pls_mean_m7_g,0.0,944,0
wr_tier_BABY RANDOM SINGLES_m7_g,0.0,945,0
wr_tier_BSS_m7_g,0.0,946,0
wr_tier_BSS CHAMPIONS_m7_g,0.0,947,0
wr_tier_CHAMPIONS_m7_g,0.0,948,0
pokes_sob_mean_m1_p,0.0,949,0
participo_liga_sum_m1_p,0.0,950,0
participo_liga_mean_m7_g,0.0,951,0
rep_actual_sum_m7_g,0.0,952,0
liga_pms_mean_m7_g,0.0,953,0
liga_pss_sum_m7_g,0.0,954,0
liga_pss_mean_m7_g,0.0,955,0
liga_pes_mean_m7_g,0.0,956,0
liga_pjs_sum_m7_g,0.0,957,0
liga_pls_sum_m7_g,0.0,958,0
fase_grupos_sum_m7_g,0.0,959,0
fase_grupos_mean_m7_g,0.0,960,0
fase_jornadas_sum_m7_g,0.0,961,0
fase_jornadas_mean_m7_g,0.0,962,0
fase_rondas_sum_m7_g,0.0,963,0
pokes_sob_sum_m7_g,0.0,964,0
participo_liga_sum_m7_g,0.0,965,0
wr_tier_RANDBATS CHAMPIONS_m1_p,0.0,966,0
wr_tier_RANDOM DOBLES CHAMPIONS_m1_p,0.0,967,0
wr_tier_RANDOM DOUBLES_m1_p,0.0,968,0
wr_tier_RANDOM SINGLES_m1_p,0.0,969,0
wr_tier_STADIUM OU GEN 1_m1_p,0.0,970,0
wr_tier_STADIUM OU GEN 2_m1_p,0.0,971,0
wr_tier_TRADEMARKED_m1_p,0.0,972,0
wr_tier_UBERS_m1_p,0.0,973,0
wr_tier_NAT DEX_m1_p,0.0,974,0
wr_tier_NAT DEX DOBLES_m1_p,0.0,975,0
wr_tier_NAT DEX DUBERS_m1_p,0.0,976,0
wr_tier_NAT DEX MONOTYPE_m1_p,0.0,977,0
wr_tier_NAT DEX UBERS_m1_p,0.0,978,0
wr_tier_NAT DEX UBERS UU_m1_p,0.0,979,0
wr_tier_ORRE COLOSSEUM_m1_p,0.0,980,0
wr_tier_OU_m1_p,0.0,981,0
wr_tier_DUBERS_m1_p,0.0,982,0
wr_tier_Free For all_m1_p,0.0,983,0
wr_tier_Free For all Randoms_m1_p,0.0,984,0
wr_tier_LC_m1_p,0.0,985,0
wr_tier_LEYENDAS Z-A OU_m1_p,0.0,986,0
wr_tier_METRONOMO_m1_p,0.0,987,0
wr_tier_MONOTYPE RANDOM BATTLE_m1_p,0.0,988,0
wr_tier_MultiRandomBattle_m1_p,0.0,989,0
liga_pls_sum_m1_p,0.0,990,0
liga_pls_mean_m1_p,0.0,991,0
wr_tier_BABY RANDOM SINGLES_m1_p,0.0,992,0
wr_tier_BSS_m1_p,0.0,993,0
wr_tier_BSS CHAMPIONS_m1_p,0.0,994,0
wr_tier_CHAMPIONS_m1_p,0.0,995,0
wr_tier_DOBLES LC_m1_p,0.0,996,0
cat_liga_sum_m7_g,0.0,997,0
cat_torneo_sum_m7_g,0.0,998,0
cat_ascenso_mean_m7_g,0.0,999,0
cat_liga_mean_m3_p,0.0,1000,0
cat_torneo_mean_m3_p,0.0,1001,0
cat_ascenso_sum_m3_p,0.0,1002,0
wr_tier_VGC 2010_m5_g,0.0,1003,0
wr_rep_4_m5_g,0.0,1004,0
wr_rep_5_m5_g,0.0,1005,0
fmt_dobles_sum_m7_g,0.0,1006,0
wr_tier_RANDOM DOBLES CHAMPIONS_m5_g,0.0,1007,0
wr_tier_STADIUM OU GEN 1_m5_g,0.0,1008,0
wr_tier_STADIUM OU GEN 2_m5_g,0.0,1009,0
wr_tier_TRADEMARKED_m5_g,0.0,1010,0
wr_tier_UBERS_m5_g,0.0,1011,0
wr_tier_VGC_m5_g,0.0,1012,0
wr_tier_VGC 2010_m1_p,0.0,1013,0
wr_rep_2_m1_p,0.0,1014,0
wr_rep_3_m1_p,0.0,1015,0
wr_rep_4_m1_p,0.0,1016,0
wr_rep_5_m1_p,0.0,1017,0
wr_tier_RANDBATS CHAMPIONS_m5_g,0.0,1018,0
wr_tier_Free For all_m3_p,0.0,1019,0
wr_tier_Free For all Randoms_m3_p,0.0,1020,0
wr_tier_LC_m3_p,0.0,1021,0
wr_tier_METRONOMO_m3_p,0.0,1022,0
wr_tier_MONOTYPE RANDOM BATTLE_m3_p,0.0,1023,0
wr_tier_MultiRandomBattle_m3_p,0.0,1024,0
wr_tier_NAT DEX DUBERS_m3_p,0.0,1025,0
liga_pls_sum_m3_p,0.0,1026,0
liga_pls_mean_m3_p,0.0,1027,0
wr_tier_BSS_m3_p,0.0,1028,0
wr_tier_BSS CHAMPIONS_m3_p,0.0,1029,0
wr_tier_CHAMPIONS_m3_p,0.0,1030,0
wr_tier_DOBLES LC_m3_p,0.0,1031,0
wr_tier_DOU_m3_p,0.0,1032,0
wr_tier_DUBERS_m3_p,0.0,1033,0
participo_liga_sum_m3_p,0.0,1034,0
participo_liga_mean_m3_p,0.0,1035,0
liga_pms_sum_m3_p,0.0,1036,0
liga_pms_mean_m3_p,0.0,1037,0
liga_pss_sum_m3_p,0.0,1038,0
liga_pes_sum_m3_p,0.0,1039,0
liga_pes_mean_m3_p,0.0,1040,0
cat_cypher_mean_m3_p,0.0,1041,0
fase_elim_sum_m3_p,0.0,1042,0
fase_grupos_sum_m3_p,0.0,1043,0
fase_jornadas_sum_m3_p,0.0,1044,0
fase_jornadas_mean_m3_p,0.0,1045,0
cat_liga_mean_m5_p,0.0,1046,0
cat_torneo_mean_m5_p,0.0,1047,0
cat_ascenso_sum_m5_p,0.0,1048,0
cat_ascenso_mean_m5_p,0.0,1049,0
cat_cypher_sum_m5_p,0.0,1050,0
fase_elim_mean_m5_p,0.0,1051,0
wr_rep_4_m3_p,0.0,1052,0
wr_rep_5_m3_p,0.0,1053,0
n_batallas_m5_p,0.0,1054,0
meses_activo_m5_p,0.0,1055,0
fmt_singles_sum_m5_p,0.0,1056,0
fmt_singles_mean_m5_p,0.0,1057,0
fmt_vgc_sum_m5_p,0.0,1058,0
cat_liga_sum_m5_p,0.0,1059,0
wr_tier_STADIUM OU GEN 1_m3_p,0.0,1060,0
wr_tier_STADIUM OU GEN 2_m3_p,0.0,1061,0
wr_tier_TRADEMARKED_m3_p,0.0,1062,0
wr_tier_UBERS_m3_p,0.0,1063,0
wr_tier_VGC 2010_m3_p,0.0,1064,0
wr_rep_2_m3_p,0.0,1065,0
wr_tier_NAT DEX MONOTYPE_m3_p,0.0,1066,0
wr_tier_NAT DEX UBERS_m3_p,0.0,1067,0
wr_tier_ORRE COLOSSEUM_m3_p,0.0,1068,0
wr_tier_RANDBATS CHAMPIONS_m3_p,0.0,1069,0
wr_tier_RANDOM DOBLES CHAMPIONS_m3_p,0.0,1070,0
wr_tier_RANDOM DOUBLES_m3_p,0.0,1071,0
wr_tier_DOBLES LC_m5_p,0.0,1072,0
wr_tier_DUBERS_m5_p,0.0,1073,0
wr_tier_Free For all_m5_p,0.0,1074,0
wr_tier_Free For all Randoms_m5_p,0.0,1075,0
wr_tier_LC_m5_p,0.0,1076,0
wr_tier_LEYENDAS Z-A OU_m5_p,0.0,1077,0
wr_tier_METRONOMO_m5_p,0.0,1078,0
wr_tier_MONOTYPE RANDOM BATTLE_m5_p,0.0,1079,0
liga_pjs_sum_m5_p,0.0,1080,0
liga_pjs_mean_m5_p,0.0,1081,0
liga_pls_sum_m5_p,0.0,1082,0
liga_pls_mean_m5_p,0.0,1083,0
wr_tier_BABY RANDOM SINGLES_m5_p,0.0,1084,0
wr_tier_BSS_m5_p,0.0,1085,0
wr_tier_BSS CHAMPIONS_m5_p,0.0,1086,0
wr_tier_CHAMPIONS_m5_p,0.0,1087,0
rep_actual_sum_m5_p,0.0,1088,0
rep_actual_mean_m5_p,0.0,1089,0
liga_pms_sum_m5_p,0.0,1090,0
liga_pms_mean_m5_p,0.0,1091,0
liga_pss_sum_m5_p,0.0,1092,0
fase_grupos_mean_m1_g,0.0,1093,0
liga_pes_sum_m5_p,0.0,1094,0
liga_pes_mean_m5_p,0.0,1095,0
fase_jornadas_sum_m1_g,0.0,1096,0
fase_jornadas_sum_m5_p,0.0,1097,0
fase_jornadas_mean_m5_p,0.0,1098,0
fase_rondas_sum_m5_p,0.0,1099,0
pokes_sob_mean_m5_p,0.0,1100,0
fase_jornadas_mean_m1_g,0.0,1101,0
participo_liga_sum_m5_p,0.0,1102,0
participo_liga_mean_m5_p,0.0,1103,0
fmt_dobles_sum_m7_p,0.0,1104,0
fmt_vgc_sum_m7_p,0.0,1105,0
fmt_vgc_mean_m7_p,0.0,1106,0
cat_liga_sum_m7_p,0.0,1107,0
liga_pms_sum_m5_g,0.0,1108,0
liga_pms_mean_m5_g,0.0,1109,0
liga_pss_sum_m5_g,0.0,1110,0
liga_pss_mean_m5_g,0.0,1111,0
wr_tier_VGC 2010_m5_p,0.0,1112,0
pokes_sob_sum_m1_g,0.0,1113,0
wr_rep_3_m5_p,0.0,1114,0
wr_rep_4_m5_p,0.0,1115,0
wr_rep_5_m5_p,0.0,1116,0
winrate_m7_p,0.0,1117,0
meses_activo_m7_p,0.0,1118,0
fmt_singles_sum_m7_p,0.0,1119,0
wr_tier_RANDBATS CHAMPIONS_m5_p,0.0,1120,0
wr_tier_RANDOM DOBLES CHAMPIONS_m5_p,0.0,1121,0
wr_tier_RANDOM DOUBLES_m5_p,0.0,1122,0
pokes_venc_sum_m1_g,0.0,1123,0
wr_tier_STADIUM OU GEN 2_m5_p,0.0,1124,0
wr_tier_TRADEMARKED_m5_p,0.0,1125,0
wr_tier_UBERS_m5_p,0.0,1126,0
pokes_venc_mean_m1_g,0.0,1127,0
wr_tier_MultiRandomBattle_m5_p,0.0,1128,0
wr_tier_NAT DEX_m5_p,0.0,1129,0
participo_liga_sum_m1_g,0.0,1130,0
wr_tier_NAT DEX DUBERS_m5_p,0.0,1131,0
wr_tier_NAT DEX MONOTYPE_m5_p,0.0,1132,0
wr_tier_NAT DEX UBERS_m5_p,0.0,1133,0
wr_tier_NAT DEX UBERS UU_m5_p,0.0,1134,0
wr_tier_ORRE COLOSSEUM_m5_p,0.0,1135,0
cat_torneo_sum_m7_p,0.0,1136,0
participo_liga_mean_m1_g,0.0,1137,0
rep_actual_sum_m1_g,0.0,1138,0
fase_elim_sum_m7_p,0.0,1139,0
fase_grupos_sum_m7_p,0.0,1140,0
fase_jornadas_sum_m7_p,0.0,1141,0
fase_jornadas_mean_m7_p,0.0,1142,0
fase_rondas_sum_m7_p,0.0,1143,0
wr_tier_MultiRandomBattle_m5_g,0.0,1144,0
wr_diff_m12_vs_m24_p,0.0,1145,0
wr_tier_NAT DEX DUBERS_m5_g,0.0,1146,0
wr_tier_NAT DEX MONOTYPE_m5_g,0.0,1147,0
wr_tier_NAT DEX UBERS_m5_g,0.0,1148,0
wr_tier_NAT DEX UBERS UU_m5_g,0.0,1149,0
wr_tier_ORRE COLOSSEUM_m5_g,0.0,1150,0
cat_liga_mean_m7_p,0.0,1151,0
wr_tier_DOBLES LC_m5_g,0.0,1152,0
wr_tier_DUBERS_m5_g,0.0,1153,0
wr_tier_Free For all_m5_g,0.0,1154,0
wr_tier_Free For all Randoms_m5_g,0.0,1155,0
wr_tier_LC_m5_g,0.0,1156,0
wr_tier_LEYENDAS Z-A OU_m5_g,0.0,1157,0
wr_tier_METRONOMO_m5_g,0.0,1158,0
wr_tier_MONOTYPE RANDOM BATTLE_m5_g,0.0,1159,0
liga_pes_sum_m5_g,0.0,1160,0
liga_pes_mean_m5_g,0.0,1161,0
liga_pls_sum_m5_g,0.0,1162,0
liga_pls_mean_m5_g,0.0,1163,0
wr_tier_BABY RANDOM SINGLES_m5_g,0.0,1164,0
wr_tier_BSS_m5_g,0.0,1165,0
wr_tier_BSS CHAMPIONS_m5_g,0.0,1166,0
wr_tier_CHAMPIONS_m5_g,0.0,1167,0
wr_tier_NAT DEX DOBLES_m7_p,0.0,1168,0
wr_tier_NAT DEX DUBERS_m7_p,0.0,1169,0
wr_tier_NAT DEX MONOTYPE_m7_p,0.0,1170,0
wr_tier_NAT DEX UBERS_m7_p,0.0,1171,0
wr_tier_NAT DEX UBERS UU_m7_p,0.0,1172,0
wr_tier_ORRE COLOSSEUM_m7_p,0.0,1173,0
wr_tier_OU_m7_p,0.0,1174,0
wr_tier_RANDBATS CHAMPIONS_m7_p,0.0,1175,0
wr_tier_DUBERS_m7_p,0.0,1176,0
wr_tier_Free For all_m7_p,0.0,1177,0
wr_tier_Free For all Randoms_m7_p,0.0,1178,0
wr_tier_LC_m7_p,0.0,1179,0
wr_tier_LEYENDAS Z-A OU_m7_p,0.0,1180,0
wr_tier_METRONOMO_m7_p,0.0,1181,0
wr_tier_MONOTYPE RANDOM BATTLE_m7_p,0.0,1182,0
wr_tier_MultiRandomBattle_m7_p,0.0,1183,0
ma_ratio_m24_vs_m36_p,0.0,1184,0
liga_pls_sum_m7_p,0.0,1185,0
liga_pls_mean_m7_p,0.0,1186,0
wr_tier_BABY RANDOM SINGLES_m7_p,0.0,1187,0
wr_tier_BSS_m7_p,0.0,1188,0
wr_tier_BSS CHAMPIONS_m7_p,0.0,1189,0
wr_tier_CHAMPIONS_m7_p,0.0,1190,0
wr_tier_DOBLES LC_m7_p,0.0,1191,0
pokes_sob_sum_m7_p,0.0,1192,0
nb_diff_m1_vs_m36_p,0.0,1193,0
pokes_venc_mean_m7_p,0.0,1194,0
participo_liga_sum_m7_p,0.0,1195,0
participo_liga_mean_m7_p,0.0,1196,0
rep_actual_sum_m7_p,0.0,1197,0
liga_pms_mean_m7_p,0.0,1198,0
liga_pjs_sum_m7_p,0.0,1199,0
participo_liga_sum_m5_g,0.0,1200,0
participo_liga_mean_m5_g,0.0,1201,0
wr_tier_VGC 2010_m7_p,0.0,1202,0
wr_rep_1_m7_p,0.0,1203,0
liga_pjs_mean_m1_g,0.0,1204,0
wr_rep_4_m7_p,0.0,1205,0
wr_rep_5_m7_p,0.0,1206,0
liga_pes_mean_m12_g,0.0,1207,0
cat_cypher_sum_m5_g,0.0,1208,0
cat_cypher_mean_m5_g,0.0,1209,0
fase_grupos_sum_m5_g,0.0,1210,0
fase_grupos_mean_m5_g,0.0,1211,0
fase_jornadas_sum_m5_g,0.0,1212,0
fase_jornadas_mean_m5_g,0.0,1213,0
fase_rondas_sum_m5_g,0.0,1214,0
pokes_sob_sum_m5_g,0.0,1215,0
meses_activo_m5_g,0.0,1216,0
wr_tier_VGC 2010_m36_p,0.0,1217,0
fmt_dobles_mean_m5_g,0.0,1218,0
cat_liga_sum_m5_g,0.0,1219,0
cat_liga_mean_m5_g,0.0,1220,0
log_n_batallas_m15_p,0.0,1221,0
ctx_es_final_torneo,0.0,1222,0
cat_ascenso_sum_m5_g,0.0,1223,0
wr_tier_RANDOM DOBLES CHAMPIONS_m7_p,0.0,1224,0
meses_activo_m1_g,0.0,1225,0
fmt_dobles_mean_m1_g,0.0,1226,0
wr_tier_STADIUM OU GEN 1_m7_p,0.0,1227,0
wr_tier_STADIUM OU GEN 2_m7_p,0.0,1228,0
wr_tier_TRADEMARKED_m7_p,0.0,1229,0
wr_tier_UBERS_m7_p,0.0,1230,0
fmt_vgc_sum_m1_g,0.0,1231,0
liga_pss_mean_m9_p,0.0,1232,0
liga_pes_mean_m9_p,0.0,1233,0
liga_pjs_sum_m9_p,0.0,1234,0
liga_pls_sum_m9_p,0.0,1235,0
liga_pls_mean_m9_p,0.0,1236,0
wr_tier_BABY RANDOM SINGLES_m9_p,0.0,1237,0
wr_tier_BSS_m9_p,0.0,1238,0
wr_tier_BSS CHAMPIONS_m9_p,0.0,1239,0
pokes_venc_sum_m9_p,0.0,1240,0
pokes_venc_mean_m9_p,0.0,1241,0
participo_liga_sum_m9_p,0.0,1242,0
participo_liga_mean_m9_p,0.0,1243,0
rep_actual_sum_m9_p,0.0,1244,0
fmt_vgc_mean_m1_g,0.0,1245,0
liga_pms_sum_m9_p,0.0,1246,0
liga_pss_sum_m9_p,0.0,1247,0
cat_cypher_mean_m9_p,0.0,1248,0
cat_liga_mean_m1_g,0.0,1249,0
fase_grupos_sum_m9_p,0.0,1250,0
fase_grupos_mean_m9_p,0.0,1251,0
fase_jornadas_sum_m9_p,0.0,1252,0
fase_jornadas_mean_m9_p,0.0,1253,0
fase_rondas_mean_m9_p,0.0,1254,0
pokes_sob_sum_m9_p,0.0,1255,0
winrate_m9_p,0.0,1256,0
meses_activo_m9_p,0.0,1257,0
fmt_singles_sum_m9_p,0.0,1258,0
cat_torneo_mean_m1_g,0.0,1259,0
cat_liga_sum_m9_p,0.0,1260,0
wr_tier_NAT DEX DOBLES_m1_g,0.0,1261,0
cat_ascenso_sum_m9_p,0.0,1262,0
cat_cypher_sum_m9_p,0.0,1263,0
wr_tier_UBERS_m9_p,0.0,1264,0
wr_tier_VGC_m9_p,0.0,1265,0
wr_tier_VGC 2010_m9_p,0.0,1266,0
wr_tier_NAT DEX DUBERS_m1_g,0.0,1267,0
wr_tier_NAT DEX MONOTYPE_m1_g,0.0,1268,0
wr_rep_3_m9_p,0.0,1269,0
wr_tier_NAT DEX UBERS_m1_g,0.0,1270,0
wr_rep_5_m9_p,0.0,1271,0
wr_tier_ORRE COLOSSEUM_m9_p,0.0,1272,0
wr_tier_OU_m9_p,0.0,1273,0
wr_tier_RANDBATS CHAMPIONS_m9_p,0.0,1274,0
wr_tier_RANDOM DOBLES CHAMPIONS_m9_p,0.0,1275,0
wr_tier_RANDOM DOUBLES_m9_p,0.0,1276,0
wr_tier_STADIUM OU GEN 1_m9_p,0.0,1277,0
wr_tier_STADIUM OU GEN 2_m9_p,0.0,1278,0
wr_tier_TRADEMARKED_m9_p,0.0,1279,0
wr_tier_METRONOMO_m9_p,0.0,1280,0
wr_tier_MONOTYPE RANDOM BATTLE_m9_p,0.0,1281,0
wr_tier_MultiRandomBattle_m9_p,0.0,1282,0
wr_tier_NAT DEX DOBLES_m9_p,0.0,1283,0
wr_tier_NAT DEX DUBERS_m9_p,0.0,1284,0
wr_tier_NAT DEX MONOTYPE_m9_p,0.0,1285,0
wr_tier_NAT DEX UBERS_m9_p,0.0,1286,0
wr_tier_NAT DEX UBERS UU_m9_p,0.0,1287,0
wr_tier_CHAMPIONS_m9_p,0.0,1288,0
wr_tier_DOBLES LC_m9_p,0.0,1289,0
wr_tier_DOU_m9_p,0.0,1290,0
wr_tier_DUBERS_m9_p,0.0,1291,0
wr_tier_Free For all_m9_p,0.0,1292,0
wr_tier_Free For all Randoms_m9_p,0.0,1293,0
wr_tier_LC_m9_p,0.0,1294,0
wr_tier_LEYENDAS Z-A OU_m9_p,0.0,1295,0
liga_pms_sum_m12_p,0.0,1296,0
liga_pms_mean_m12_p,0.0,1297,0
liga_pss_sum_m12_p,0.0,1298,0
liga_pss_mean_m12_p,0.0,1299,0
liga_pes_sum_m12_p,0.0,1300,0
liga_pjs_sum_m12_p,0.0,1301,0
liga_pjs_mean_m12_p,0.0,1302,0
wr_tier_BSS_m12_p,0.0,1303,0
wr_tier_NAT DEX UBERS UU_m1_g,0.0,1304,0
fase_jornadas_sum_m12_p,0.0,1305,0
fase_jornadas_mean_m12_p,0.0,1306,0
fase_rondas_sum_m12_p,0.0,1307,0
fase_rondas_mean_m12_p,0.0,1308,0
participo_liga_sum_m12_p,0.0,1309,0
participo_liga_mean_m12_p,0.0,1310,0
rep_actual_sum_m12_p,0.0,1311,0
cat_torneo_mean_m12_p,0.0,1312,0
cat_ascenso_sum_m12_p,0.0,1313,0
wr_tier_ORRE COLOSSEUM_m1_g,0.0,1314,0
cat_cypher_sum_m12_p,0.0,1315,0
cat_cypher_mean_m12_p,0.0,1316,0
fase_elim_sum_m12_p,0.0,1317,0
fase_elim_sum_m1_g,0.0,1318,0
fase_grupos_sum_m12_p,0.0,1319,0
meses_activo_m12_p,0.0,1320,0
wr_tier_DUBERS_m1_g,0.0,1321,0
fmt_dobles_sum_m12_p,0.0,1322,0
fmt_vgc_sum_m12_p,0.0,1323,0
wr_tier_Free For all_m1_g,0.0,1324,0
cat_liga_sum_m12_p,0.0,1325,0
cat_liga_mean_m12_p,0.0,1326,0
cat_torneo_sum_m12_p,0.0,1327,0
wr_tier_TRADEMARKED_m12_p,0.0,1328,0
wr_tier_UBERS_m12_p,0.0,1329,0
wr_tier_Free For all Randoms_m1_g,0.0,1330,0
wr_tier_DUBERS_m3_g,0.0,1331,0
wr_tier_Free For all_m3_g,0.0,1332,0
wr_tier_Free For all Randoms_m3_g,0.0,1333,0
wr_tier_LC_m3_g,0.0,1334,0
wr_tier_LEYENDAS Z-A OU_m3_g,0.0,1335,0
wr_tier_NAT DEX UBERS UU_m12_p,0.0,1336,0
wr_tier_ORRE COLOSSEUM_m12_p,0.0,1337,0
wr_tier_RANDBATS CHAMPIONS_m12_p,0.0,1338,0
wr_tier_RANDOM DOBLES CHAMPIONS_m12_p,0.0,1339,0
wr_tier_RANDOM DOUBLES_m12_p,0.0,1340,0
wr_tier_RANDOM SINGLES_m12_p,0.0,1341,0
wr_tier_STADIUM OU GEN 1_m12_p,0.0,1342,0
wr_tier_STADIUM OU GEN 2_m12_p,0.0,1343,0
wr_tier_LEYENDAS Z-A OU_m12_p,0.0,1344,0
wr_tier_METRONOMO_m12_p,0.0,1345,0
wr_tier_MONOTYPE RANDOM BATTLE_m12_p,0.0,1346,0
wr_tier_MultiRandomBattle_m12_p,0.0,1347,0
wr_tier_LC_m1_g,0.0,1348,0
wr_tier_NAT DEX DUBERS_m12_p,0.0,1349,0
wr_tier_NAT DEX MONOTYPE_m12_p,0.0,1350,0
wr_tier_NAT DEX UBERS_m12_p,0.0,1351,0
wr_tier_BSS CHAMPIONS_m12_p,0.0,1352,0
wr_tier_CHAMPIONS_m12_p,0.0,1353,0
wr_tier_DOBLES LC_m12_p,0.0,1354,0
wr_tier_DOU_m12_p,0.0,1355,0
wr_tier_DUBERS_m12_p,0.0,1356,0
wr_tier_Free For all_m12_p,0.0,1357,0
wr_tier_LEYENDAS Z-A OU_m1_g,0.0,1358,0
wr_tier_LC_m12_p,0.0,1359,0
wr_rep_3_m12_p,0.0,1360,0
wr_rep_4_m12_p,0.0,1361,0
wr_rep_5_m12_p,0.0,1362,0
meses_activo_m15_p,0.0,1363,0
fmt_singles_sum_m15_p,0.0,1364,0
wr_tier_METRONOMO_m1_g,0.0,1365,0
fmt_dobles_mean_m15_p,0.0,1366,0
fmt_vgc_mean_m15_p,0.0,1367,0
wr_tier_TRADEMARKED_m3_g,0.0,1368,0
wr_tier_UBERS_m3_g,0.0,1369,0
wr_tier_VGC_m3_g,0.0,1370,0
wr_tier_VGC 2010_m3_g,0.0,1371,0
wr_rep_2_m3_g,0.0,1372,0
wr_rep_4_m3_g,0.0,1373,0
wr_rep_5_m3_g,0.0,1374,0
wr_tier_VGC 2010_m12_p,0.0,1375,0
wr_tier_ORRE COLOSSEUM_m3_g,0.0,1376,0
wr_tier_OU_m3_g,0.0,1377,0
wr_tier_RANDBATS CHAMPIONS_m3_g,0.0,1378,0
wr_tier_RANDOM DOBLES CHAMPIONS_m3_g,0.0,1379,0
wr_tier_RANDOM DOUBLES_m3_g,0.0,1380,0
wr_tier_RANDOM SINGLES_m3_g,0.0,1381,0
wr_tier_STADIUM OU GEN 1_m3_g,0.0,1382,0
wr_tier_STADIUM OU GEN 2_m3_g,0.0,1383,0
wr_tier_METRONOMO_m3_g,0.0,1384,0
wr_tier_MONOTYPE RANDOM BATTLE_m3_g,0.0,1385,0
wr_tier_MultiRandomBattle_m3_g,0.0,1386,0
wr_tier_NAT DEX DOBLES_m3_g,0.0,1387,0
wr_tier_NAT DEX DUBERS_m3_g,0.0,1388,0
wr_tier_NAT DEX MONOTYPE_m3_g,0.0,1389,0
wr_tier_NAT DEX UBERS_m3_g,0.0,1390,0
wr_tier_NAT DEX UBERS UU_m3_g,0.0,1391,0
wr_tier_BSS_m15_p,0.0,1392,0
wr_tier_BSS CHAMPIONS_m15_p,0.0,1393,0
wr_tier_CHAMPIONS_m15_p,0.0,1394,0
wr_tier_DOBLES LC_m15_p,0.0,1395,0
wr_tier_DOU_m15_p,0.0,1396,0
wr_tier_DUBERS_m15_p,0.0,1397,0
wr_tier_Free For all_m15_p,0.0,1398,0
wr_tier_Free For all Randoms_m15_p,0.0,1399,0
rep_actual_mean_m15_p,0.0,1400,0
liga_pms_sum_m15_p,0.0,1401,0
liga_pms_mean_m15_p,0.0,1402,0
liga_pss_sum_m15_p,0.0,1403,0
wr_tier_MONOTYPE RANDOM BATTLE_m1_g,0.0,1404,0
liga_pjs_sum_m15_p,0.0,1405,0
wr_tier_MultiRandomBattle_m1_g,0.0,1406,0
wr_tier_BABY RANDOM SINGLES_m15_p,0.0,1407,0
fase_jornadas_sum_m15_p,0.0,1408,0
fase_jornadas_mean_m15_p,0.0,1409,0
fase_rondas_sum_m15_p,0.0,1410,0
fase_rondas_mean_m15_p,0.0,1411,0
pokes_sob_sum_m15_p,0.0,1412,0
participo_liga_sum_m15_p,0.0,1413,0
participo_liga_mean_m15_p,0.0,1414,0
rep_actual_sum_m15_p,0.0,1415,0
cat_liga_sum_m15_p,0.0,1416,0
cat_liga_mean_m15_p,0.0,1417,0
liga_pls_sum_m1_g,0.0,1418,0
cat_ascenso_sum_m15_p,0.0,1419,0
cat_ascenso_mean_m15_p,0.0,1420,0
liga_pls_mean_m1_g,0.0,1421,0
fase_elim_sum_m15_p,0.0,1422,0
wr_tier_BABY RANDOM SINGLES_m1_g,0.0,1423,0
wr_rep_3_m15_p,0.0,1424,0
wr_rep_4_m15_p,0.0,1425,0
wr_rep_5_m15_p,0.0,1426,0
wr_tier_BSS_m1_g,0.0,1427,0
winrate_m18_p,0.0,1428,0
meses_activo_m18_p,0.0,1429,0
fmt_singles_sum_m18_p,0.0,1430,0
fmt_singles_mean_m18_p,0.0,1431,0
wr_tier_RANDOM SINGLES_m15_p,0.0,1432,0
wr_tier_STADIUM OU GEN 1_m15_p,0.0,1433,0
wr_tier_STADIUM OU GEN 2_m15_p,0.0,1434,0
wr_tier_TRADEMARKED_m15_p,0.0,1435,0
wr_tier_UBERS_m15_p,0.0,1436,0
wr_tier_BSS CHAMPIONS_m1_g,0.0,1437,0
wr_tier_VGC 2010_m15_p,0.0,1438,0
wr_tier_CHAMPIONS_m1_g,0.0,1439,0
wr_tier_NAT DEX MONOTYPE_m15_p,0.0,1440,0
wr_tier_NAT DEX UBERS_m15_p,0.0,1441,0
wr_tier_NAT DEX UBERS UU_m15_p,0.0,1442,0
wr_tier_ORRE COLOSSEUM_m15_p,0.0,1443,0
wr_tier_OU_m15_p,0.0,1444,0
wr_tier_RANDBATS CHAMPIONS_m15_p,0.0,1445,0
wr_tier_RANDOM DOBLES CHAMPIONS_m15_p,0.0,1446,0
wr_tier_RANDOM DOUBLES_m15_p,0.0,1447,0
wr_tier_LC_m15_p,0.0,1448,0
wr_tier_LEYENDAS Z-A OU_m15_p,0.0,1449,0
wr_tier_METRONOMO_m15_p,0.0,1450,0
wr_tier_MONOTYPE RANDOM BATTLE_m15_p,0.0,1451,0
wr_tier_MultiRandomBattle_m15_p,0.0,1452,0
wr_tier_NAT DEX_m15_p,0.0,1453,0
wr_tier_NAT DEX DOBLES_m15_p,0.0,1454,0
wr_tier_NAT DEX DUBERS_m15_p,0.0,1455,0
liga_pss_mean_m18_p,0.0,1456,0
liga_pes_sum_m18_p,0.0,1457,0
liga_pls_sum_m18_p,0.0,1458,0
cat_cypher_mean_m3_g,0.0,1459,0
fase_elim_sum_m3_g,0.0,1460,0
fase_grupos_sum_m3_g,0.0,1461,0
wr_tier_DOBLES LC_m1_g,0.0,1462,0
fase_jornadas_sum_m3_g,0.0,1463,0
pokes_sob_sum_m18_p,0.0,1464,0
pokes_venc_sum_m18_p,0.0,1465,0
participo_liga_sum_m18_p,0.0,1466,0
participo_liga_mean_m18_p,0.0,1467,0
rep_actual_sum_m18_p,0.0,1468,0
rep_actual_mean_m18_p,0.0,1469,0
liga_pms_sum_m18_p,0.0,1470,0
liga_pms_sum_m1_g,0.0,1471,0
liga_pms_mean_m1_g,0.0,1472,0
fase_elim_mean_m18_p,0.0,1473,0
liga_pss_sum_m1_g,0.0,1474,0
liga_pss_mean_m1_g,0.0,1475,0
fase_jornadas_sum_m18_p,0.0,1476,0
fase_jornadas_mean_m18_p,0.0,1477,0
fase_rondas_sum_m18_p,0.0,1478,0
fase_rondas_mean_m18_p,0.0,1479,0
fmt_vgc_sum_m18_p,0.0,1480,0
fmt_vgc_mean_m18_p,0.0,1481,0
cat_liga_sum_m18_p,0.0,1482,0
cat_torneo_mean_m18_p,0.0,1483,0
cat_ascenso_sum_m18_p,0.0,1484,0
cat_ascenso_mean_m18_p,0.0,1485,0
cat_cypher_sum_m18_p,0.0,1486,0
cat_cypher_mean_m18_p,0.0,1487,0
wr_tier_CHAMPIONS_m18_p,0.0,1488,0
wr_tier_DOBLES LC_m18_p,0.0,1489,0
wr_tier_DUBERS_m18_p,0.0,1490,0
wr_tier_Free For all_m18_p,0.0,1491,0
wr_tier_Free For all Randoms_m18_p,0.0,1492,0
wr_tier_LC_m18_p,0.0,1493,0
wr_tier_LEYENDAS Z-A OU_m18_p,0.0,1494,0
wr_tier_METRONOMO_m18_p,0.0,1495,0
wr_tier_BSS_m3_g,0.0,1496,0
wr_tier_BSS CHAMPIONS_m3_g,0.0,1497,0
wr_tier_CHAMPIONS_m3_g,0.0,1498,0
wr_tier_DOBLES LC_m3_g,0.0,1499,0
liga_pls_mean_m18_p,0.0,1500,0
wr_tier_BABY RANDOM SINGLES_m18_p,0.0,1501,0
wr_tier_BSS_m18_p,0.0,1502,0
wr_tier_BSS CHAMPIONS_m18_p,0.0,1503,0
liga_pms_mean_m3_g,0.0,1504,0
liga_pss_sum_m3_g,0.0,1505,0
liga_pss_mean_m3_g,0.0,1506,0
liga_pes_sum_m3_g,0.0,1507,0
liga_pes_mean_m3_g,0.0,1508,0
liga_pjs_sum_m3_g,0.0,1509,0
liga_pjs_mean_m3_g,0.0,1510,0
wr_tier_BABY RANDOM SINGLES_m3_g,0.0,1511,0
fase_jornadas_mean_m3_g,0.0,1512,0
fase_rondas_sum_m3_g,0.0,1513,0
pokes_sob_mean_m3_g,0.0,1514,0
participo_liga_sum_m3_g,0.0,1515,0
participo_liga_mean_m3_g,0.0,1516,0
liga_pes_sum_m1_g,0.0,1517,0
rep_actual_mean_m3_g,0.0,1518,0
liga_pms_sum_m3_g,0.0,1519,0
liga_pes_mean_m1_g,0.0,1520,0
fmt_dobles_sum_m24_p,0.0,1521,0
fmt_dobles_mean_m24_p,0.0,1522,0
fmt_vgc_sum_m24_p,0.0,1523,0
liga_pjs_sum_m1_g,0.0,1524,0
cat_liga_mean_m24_p,0.0,1525,0
cat_torneo_sum_m24_p,0.0,1526,0
cat_torneo_mean_m24_p,0.0,1527,0
wr_tier_VGC_m18_p,0.0,1528,0
wr_tier_VGC 2010_m18_p,0.0,1529,0
wr_rep_3_m18_p,0.0,1530,0
wr_rep_4_m18_p,0.0,1531,0
wr_rep_5_m18_p,0.0,1532,0
winrate_m24_p,0.0,1533,0
meses_activo_m24_p,0.0,1534,0
fmt_singles_sum_m24_p,0.0,1535,0
wr_tier_OU_m18_p,0.0,1536,0
wr_tier_RANDBATS CHAMPIONS_m18_p,0.0,1537,0
wr_tier_RANDOM DOBLES CHAMPIONS_m18_p,0.0,1538,0
wr_tier_RANDOM DOUBLES_m18_p,0.0,1539,0
wr_tier_STADIUM OU GEN 1_m18_p,0.0,1540,0
wr_tier_STADIUM OU GEN 2_m18_p,0.0,1541,0
wr_tier_TRADEMARKED_m18_p,0.0,1542,0
wr_tier_UBERS_m18_p,0.0,1543,0
wr_tier_MONOTYPE RANDOM BATTLE_m18_p,0.0,1544,0
wr_tier_MultiRandomBattle_m18_p,0.0,1545,0
wr_tier_NAT DEX_m18_p,0.0,1546,0
wr_tier_NAT DEX DUBERS_m18_p,0.0,1547,0
wr_tier_NAT DEX MONOTYPE_m18_p,0.0,1548,0
wr_tier_NAT DEX UBERS_m18_p,0.0,1549,0
wr_tier_NAT DEX UBERS UU_m18_p,0.0,1550,0
wr_tier_ORRE COLOSSEUM_m18_p,0.0,1551,0
wr_tier_CHAMPIONS_m24_p,0.0,1552,0
wr_tier_DOBLES LC_m24_p,0.0,1553,0
wr_tier_DOU_m24_p,0.0,1554,0
wr_tier_DUBERS_m24_p,0.0,1555,0
wr_tier_Free For all_m24_p,0.0,1556,0
wr_tier_Free For all Randoms_m24_p,0.0,1557,0
wr_tier_LC_m24_p,0.0,1558,0
wr_tier_LEYENDAS Z-A OU_m24_p,0.0,1559,0
liga_pss_sum_m24_p,0.0,1560,0
liga_pss_mean_m24_p,0.0,1561,0
liga_pes_sum_m24_p,0.0,1562,0
liga_pls_sum_m24_p,0.0,1563,0
liga_pls_mean_m24_p,0.0,1564,0
wr_tier_BABY RANDOM SINGLES_m24_p,0.0,1565,0
wr_tier_BSS_m24_p,0.0,1566,0
wr_tier_BSS CHAMPIONS_m24_p,0.0,1567,0
fase_rondas_sum_m24_p,0.0,1568,0
fase_rondas_mean_m24_p,0.0,1569,0
pokes_venc_mean_m24_p,0.0,1570,0
participo_liga_sum_m24_p,0.0,1571,0
participo_liga_mean_m24_p,0.0,1572,0
rep_actual_sum_m24_p,0.0,1573,0
liga_pms_sum_m24_p,0.0,1574,0
liga_pms_mean_m24_p,0.0,1575,0
cat_ascenso_sum_m24_p,0.0,1576,0
cat_ascenso_mean_m24_p,0.0,1577,0
cat_cypher_sum_m24_p,0.0,1578,0
fase_elim_sum_m24_p,0.0,1579,0
fase_elim_mean_m24_p,0.0,1580,0
cat_ascenso_mean_m1_g,0.0,1581,0
fase_jornadas_sum_m24_p,0.0,1582,0
fase_jornadas_mean_m24_p,0.0,1583,0
cat_ascenso_sum_m3_g,0.0,1584,0
cat_cypher_sum_m3_g,0.0,1585,0
wr_tier_NAT DEX DOBLES_m24_p,0.0,1586,0
wr_tier_NAT DEX DUBERS_m24_p,0.0,1587,0
wr_tier_NAT DEX MONOTYPE_m24_p,0.0,1588,0
wr_tier_NAT DEX UBERS_m24_p,0.0,1589,0
wr_tier_NAT DEX UBERS UU_m24_p,0.0,1590,0
wr_tier_ORRE COLOSSEUM_m24_p,0.0,1591,0
wr_rep_5_m1_g,0.0,1592,0
wr_tier_STADIUM OU GEN 1_m12_g,0.0,1593,0
wr_tier_STADIUM OU GEN 2_m12_g,0.0,1594,0
meses_activo_m3_g,0.0,1595,0
fmt_vgc_sum_m3_g,0.0,1596,0
cat_liga_sum_m3_g,0.0,1597,0
wr_tier_TRADEMARKED_m12_g,0.0,1598,0
cat_torneo_sum_m3_g,0.0,1599,0
wr_tier_STADIUM OU GEN 2_m1_g,0.0,1600,0
wr_tier_TRADEMARKED_m1_g,0.0,1601,0
wr_tier_UBERS_m1_g,0.0,1602,0
wr_tier_UBERS_m12_g,0.0,1603,0
wr_tier_VGC 2010_m1_g,0.0,1604,0
wr_rep_1_m1_g,0.0,1605,0
wr_tier_VGC_m12_g,0.0,1606,0
wr_rep_4_m1_g,0.0,1607,0
wr_tier_METRONOMO_m24_p,0.0,1608,0
wr_tier_MONOTYPE RANDOM BATTLE_m24_p,0.0,1609,0
wr_tier_MultiRandomBattle_m24_p,0.0,1610,0
wr_tier_OU_m1_g,0.0,1611,0
wr_tier_RANDBATS CHAMPIONS_m1_g,0.0,1612,0
wr_tier_RANDOM DOBLES CHAMPIONS_m1_g,0.0,1613,0
wr_tier_RANDOM DOUBLES_m1_g,0.0,1614,0
wr_tier_STADIUM OU GEN 1_m1_g,0.0,1615,0
fase_jornadas_mean_m36_p,0.0,1616,0
fase_rondas_sum_m36_p,0.0,1617,0
pokes_sob_sum_m36_p,0.0,1618,0
pokes_venc_sum_m36_p,0.0,1619,0
participo_liga_sum_m36_p,0.0,1620,0
participo_liga_mean_m36_p,0.0,1621,0
liga_pms_sum_m36_p,0.0,1622,0
liga_pms_mean_m36_p,0.0,1623,0
cat_torneo_mean_m36_p,0.0,1624,0
cat_ascenso_sum_m36_p,0.0,1625,0
cat_ascenso_mean_m36_p,0.0,1626,0
cat_cypher_sum_m36_p,0.0,1627,0
cat_cypher_mean_m36_p,0.0,1628,0
fase_elim_sum_m36_p,0.0,1629,0
wr_tier_VGC 2010_m12_g,0.0,1630,0
fase_jornadas_sum_m36_p,0.0,1631,0
wr_tier_VGC 2010_m24_p,0.0,1632,0
wr_rep_4_m24_p,0.0,1633,0
wr_rep_5_m24_p,0.0,1634,0
winrate_m36_p,0.0,1635,0
fmt_singles_sum_m36_p,0.0,1636,0
wr_rep_4_m12_g,0.0,1637,0
fmt_vgc_mean_m36_p,0.0,1638,0
cat_torneo_sum_m36_p,0.0,1639,0
wr_tier_RANDBATS CHAMPIONS_m24_p,0.0,1640,0
wr_tier_RANDOM DOBLES CHAMPIONS_m24_p,0.0,1641,0
wr_tier_RANDOM DOUBLES_m24_p,0.0,1642,0
wr_tier_STADIUM OU GEN 1_m24_p,0.0,1643,0
wr_tier_STADIUM OU GEN 2_m24_p,0.0,1644,0
wr_tier_TRADEMARKED_m24_p,0.0,1645,0
wr_tier_UBERS_m24_p,0.0,1646,0
wr_tier_VGC_m24_p,0.0,1647,0
wr_tier_RANDBATS CHAMPIONS_m36_p,0.0,1648,0
wr_tier_RANDOM DOBLES CHAMPIONS_m36_p,0.0,1649,0
wr_tier_RANDOM DOUBLES_m36_p,0.0,1650,0
wr_tier_RANDOM SINGLES_m36_p,0.0,1651,0
wr_tier_STADIUM OU GEN 1_m36_p,0.0,1652,0
wr_tier_STADIUM OU GEN 2_m36_p,0.0,1653,0
wr_tier_TRADEMARKED_m36_p,0.0,1654,0
wr_rep_5_m12_g,0.0,1655,0
wr_tier_NAT DEX_m36_p,0.0,1656,0
wr_tier_NAT DEX DOBLES_m36_p,0.0,1657,0
wr_tier_NAT DEX DUBERS_m36_p,0.0,1658,0
wr_tier_NAT DEX MONOTYPE_m36_p,0.0,1659,0
wr_tier_NAT DEX UBERS_m36_p,0.0,1660,0
wr_tier_NAT DEX UBERS UU_m36_p,0.0,1661,0
wr_tier_ORRE COLOSSEUM_m36_p,0.0,1662,0
wr_tier_OU_m36_p,0.0,1663,0
wr_tier_CHAMPIONS_m36_p,0.0,1664,0
wr_tier_DUBERS_m36_p,0.0,1665,0
wr_tier_Free For all_m36_p,0.0,1666,0
wr_tier_Free For all Randoms_m36_p,0.0,1667,0
wr_tier_LEYENDAS Z-A OU_m36_p,0.0,1668,0
wr_tier_METRONOMO_m36_p,0.0,1669,0
wr_tier_MONOTYPE RANDOM BATTLE_m36_p,0.0,1670,0
wr_tier_MultiRandomBattle_m36_p,0.0,1671,0
liga_pes_sum_m36_p,0.0,1672,0
liga_pes_mean_m36_p,0.0,1673,0
liga_pjs_sum_m36_p,0.0,1674,0
liga_pls_sum_m36_p,0.0,1675,0
liga_pls_mean_m36_p,0.0,1676,0
wr_tier_BABY RANDOM SINGLES_m36_p,0.0,1677,0
wr_tier_BSS_m36_p,0.0,1678,0
wr_tier_BSS CHAMPIONS_m36_p,0.0,1679,0
log1p_wr_winrate_m12_p,0.0,1680,0
log1p_wr_winrate_m15_p,0.0,1681,0
log1p_wr_winrate_m18_p,0.0,1682,0
log1p_wr_winrate_m24_p,0.0,1683,0
log1p_wr_winrate_m36_p,0.0,1684,0
wr_tier_NAT DEX DUBERS_m12_g,0.0,1685,0
ctx_es_decisivo,0.0,1686,0
cat_ascenso_sum_m1_g,0.0,1687,0
ma_ratio_m1_vs_m12_p,0.0,1688,0
log_meses_activo_m24_p,0.0,1689,0
log_meses_activo_m36_p,0.0,1690,0
log1p_wr_winrate_m1_p,0.0,1691,0
log1p_wr_winrate_m3_p,0.0,1692,0
log1p_wr_winrate_m5_p,0.0,1693,0
log1p_wr_winrate_m7_p,0.0,1694,0
log1p_wr_winrate_m9_p,0.0,1695,0
ma_ratio_m3_vs_m5_p,0.0,1696,0
nb_ratio_m3_vs_m12_p,0.0,1697,0
wr_tier_NAT DEX MONOTYPE_m12_g,0.0,1698,0
wr_tier_NAT DEX UBERS_m12_g,0.0,1699,0
wr_tier_NAT DEX UBERS UU_m12_g,0.0,1700,0
nb_diff_m5_vs_m12_p,0.0,1701,0
wr_tier_ORRE COLOSSEUM_m12_g,0.0,1702,0
wr_tier_RANDBATS CHAMPIONS_m12_g,0.0,1703,0
wr_rep_2_m36_p,0.0,1704,0
wr_rep_3_m36_p,0.0,1705,0
wr_tier_RANDOM DOBLES CHAMPIONS_m12_g,0.0,1706,0
wr_rep_5_m36_p,0.0,1707,0
wr_tier_RANDOM DOUBLES_m12_g,0.0,1708,0
ma_ratio_m1_vs_m3_p,0.0,1709,0
wr_ratio_m3_vs_m5_p,0.0,1710,0
cat_cypher_mean_m1_g,0.0,1711,0
fase_rondas_mean_m12_g,0.0,1712,0
wr_tier_Free For all_m12_g,0.0,1713,0
participo_liga_sum_m12_g,0.0,1714,0
participo_liga_mean_m12_g,0.0,1715,0
rep_actual_sum_m12_g,0.0,1716,0
liga_pms_sum_m12_g,0.0,1717,0
wr_tier_Free For all Randoms_m12_g,0.0,1718,0
cat_cypher_sum_m1_g,0.0,1719,0
log_meses_activo_m12_p,0.0,1720,0
log_meses_activo_m15_p,0.0,1721,0
log_meses_activo_m18_p,0.0,1722,0
cat_cypher_mean_m12_g,0.0,1723,0
fase_elim_sum_m12_g,0.0,1724,0
wr_tier_LC_m12_g,0.0,1725,0
fase_jornadas_sum_m12_g,0.0,1726,0
fase_jornadas_mean_m12_g,0.0,1727,0
log_n_batallas_m18_p,0.0,1728,0
log_n_batallas_m24_p,0.0,1729,0
log_n_batallas_m36_p,0.0,1730,0
log_meses_activo_m1_p,0.0,1731,0
log_meses_activo_m3_p,0.0,1732,0
log_meses_activo_m5_p,0.0,1733,0
log_meses_activo_m7_p,0.0,1734,0
log_meses_activo_m9_p,0.0,1735,0
wr_tier_LEYENDAS Z-A OU_m12_g,0.0,1736,0
log_n_batallas_m1_p,0.0,1737,0
log_n_batallas_m3_p,0.0,1738,0
log_n_batallas_m5_p,0.0,1739,0
log_n_batallas_m7_p,0.0,1740,0
log_n_batallas_m9_p,0.0,1741,0
log_n_batallas_m12_p,0.0,1742,0
fase_grupos_sum_m1_g,0.0,1743,0
